{"link":"allergyuk.org","html":"<head><style></style>\n<meta http-equiv=\"Content-Type\" content=\"text/html; charset=utf-8\">\n<title>Allergy UK - Free advice on allergies and intolerances</title>\n\n<link rel=\"apple-touch-icon\" sizes=\"57x57\" href=\"/apple-icon-57x57.png\">\n<link rel=\"apple-touch-icon\" sizes=\"60x60\" href=\"/apple-icon-60x60.png\">\n<link rel=\"apple-touch-icon\" sizes=\"72x72\" href=\"/apple-icon-72x72.png\">\n<link rel=\"apple-touch-icon\" sizes=\"76x76\" href=\"/apple-icon-76x76.png\">\n<link rel=\"apple-touch-icon\" sizes=\"114x114\" href=\"/apple-icon-114x114.png\">\n<link rel=\"apple-touch-icon\" sizes=\"120x120\" href=\"/apple-icon-120x120.png\">\n<link rel=\"apple-touch-icon\" sizes=\"144x144\" href=\"/apple-icon-144x144.png\">\n<link rel=\"apple-touch-icon\" sizes=\"152x152\" href=\"/apple-icon-152x152.png\">\n<link rel=\"apple-touch-icon\" sizes=\"180x180\" href=\"/apple-icon-180x180.png\">\n<link rel=\"icon\" type=\"image/png\" sizes=\"192x192\" href=\"/android-icon-192x192.png\">\n<link rel=\"icon\" type=\"image/png\" sizes=\"32x32\" href=\"/favicon-32x32.png\">\n<link rel=\"icon\" type=\"image/png\" sizes=\"96x96\" href=\"/favicon-96x96.png\">\n<link rel=\"icon\" type=\"image/png\" sizes=\"16x16\" href=\"/favicon-16x16.png\">\n<link rel=\"manifest\" href=\"/manifest.json\">\n<meta name=\"msapplication-TileColor\" content=\"#ffffff\">\n<meta name=\"msapplication-TileImage\" content=\"/ms-icon-144x144.png\">\n<meta name=\"theme-color\" content=\"#ffffff\">\n\n<base href=\"https://www.allergyuk.org/\">\n<link href=\"https://www.allergyuk.org/templates/default/css/layout.css?v=1446812314\" rel=\"stylesheet\" type=\"text/css\">\n<link href=\"https://www.allergyuk.org/templates/default/css/designstyle.css?v=1446812314\" rel=\"stylesheet\" type=\"text/css\">\n\n<meta id=\"viewport\" name=\"viewport\" content=\"width=device-width, initial-scale=1\">\n<link href=\"https://www.allergyuk.org/templates/default/css/responsive.css?v=1446812314\" rel=\"stylesheet\" type=\"text/css\">\n<script async=\"\" src=\"//static.ads-twitter.com/uwt.js\"></script><script async=\"\" src=\"//connect.facebook.net/en_US/fbds.js\"></script><script type=\"text/javascript\" async=\"\" src=\"https://stats.g.doubleclick.net/dc.js\"></script><script type=\"text/javascript\"> var responsive = true; </script>\n\n<script src=\"https://ajax.googleapis.com/ajax/libs/jquery/1.7.1/jquery.min.js\"></script>\n<script src=\"templates/default/js/script.js?v=1446753199\"></script>\n<script src=\"templates/default/js/riveted.min.js?v=0.4\" type=\"text/javascript\"></script>\n<script>riveted.init({\n  reportInterval: 30,   // Default: 5\n  idleTimeout: 45,      // Default: 30\n  nonInteraction: false  // Default: true\n});\n</script>\n<script src=\"templates/default/js/OutboundLinks.js?v=1.5\" type=\"text/javascript\"></script>\n<!--[if IE 6]>\n\t<style type='text/css'>\n\t\t#navigation li a { padding: 2px 6px; }\n\t\t#navigation .donate a { width: 4.75em }\n\t</style>\n\t<script>\n\t$(document).ready(function(){$(\".nav-dropdown-link\").hover(function(){$(this).next().show();},function(){$(this).next().hide();});});\n\tDD_roundies.addRule('#right-feature .news .inner, .featured-items .top, .featured-items .bottom, #footer-scrap a, #postits a, #allergy-alerts-container .top, #allergy-alerts-container .bottom, #slider-nav a, #slider .right-corners');\n\t</script>\n<![endif]-->\n<!--[if !IE]><!-->\n\t<link href=\"https://www.allergyuk.org/templates/default/css/not-ie.css\" rel=\"stylesheet\" type=\"text/css\">\n <!--<![endif]-->\n \n<meta name=\"msvalidate.01\" content=\"30C3F5C8AACA623CA5866B023DB72798\">\n<meta name=\"globalsign-domain-verification\" content=\"1-N8CjXZAnWW-OlDx9o4Z2Q-6PkheyjXgcUAT9LUC9\"><script type=\"text/javascript\" src=\"templates/default/js/jquery.cycle.all.2.8.8.min.js\"></script><link rel=\"alternate\" type=\"application/rss+xml\" title=\" Blog\" href=\"blogfeed.xml\"><meta name=\"keywords\" content=\"allergy allergy uk british allergy foundation allergic allergies\">\n<meta name=\"language\" content=\"english\">\n<meta name=\"generator\" content=\"Unicity CMS 2.23\">\n<!-- Unicity CMS - Copyright 2015 Unicity Solutions Limited -->\n\n<link rel=\"canonical\" href=\"https://www.allergyuk.org/\">\n<script type=\"text/javascript\">\n  var _gaq = _gaq || [];\n  _gaq.push(['_setAccount', 'UA-31007095-2']);\n  _gaq.push(['_setPageGroup', 1, 'Homepage']); _gaq.push(['_trackEvent','Website Area','Homepage']);  \n  _gaq.push(['_trackPageview']);\n \n  (function() {\n    var ga = document.createElement('script'); ga.type = 'text/javascript'; ga.async = true;\n\tga.src = ('https:' == document.location.protocol ? 'https://' : 'http://') + 'stats.g.doubleclick.net/dc.js';\n    var s = document.getElementsByTagName('script')[0]; s.parentNode.insertBefore(ga, s);\n  })();\n</script>\n\n<script>(function() {\nvar _fbq = window._fbq || (window._fbq = []);\nif (!_fbq.loaded) {\nvar fbds = document.createElement('script');\nfbds.async = true;\nfbds.src = '//connect.facebook.net/en_US/fbds.js';\nvar s = document.getElementsByTagName('script')[0];\ns.parentNode.insertBefore(fbds, s);\n_fbq.loaded = true;\n}\n_fbq.push(['addPixelId', '599212913551959']);\n})();\nwindow._fbq = window._fbq || [];\nwindow._fbq.push(['track', 'PixelInitialized', {}]);\n</script>\n<noscript>&lt;img height=\"1\" width=\"1\" alt=\"\" style=\"display:none\" src=\"https://www.facebook.com/tr?id=599212913551959&amp;amp;ev=PixelInitialized\" /&gt;</noscript>\n\n<script charset=\"utf-8\" class=\"lazyload\" src=\"https://www.allergyuk.org/livezilla/resource.php?t=js&amp;1=jscript/jsglobal.min.js&amp;2=jscript/jsbox.min.js&amp;3=jscript/jstrack.min.js\"></script><link charset=\"utf-8\" class=\"lazyload\" href=\"https://www.allergyuk.org/livezilla/resource.php?t=css&amp;1=style.min.css\" rel=\"stylesheet\" type=\"text/css\"></head>\n<body id=\"home\"><div id=\"cboxOverlay\" style=\"display: none;\"></div><div id=\"colorbox\" class=\"\" style=\"padding-bottom: 57px; padding-right: 28px; display: none;\"><div id=\"cboxWrapper\"><div><div id=\"cboxTopLeft\" style=\"float: left;\"></div><div id=\"cboxTopCenter\" style=\"float: left;\"></div><div id=\"cboxTopRight\" style=\"float: left;\"></div></div><div style=\"clear: left;\"><div id=\"cboxMiddleLeft\" style=\"float: left;\"></div><div id=\"cboxContent\" style=\"float: left;\"><div id=\"cboxLoadedContent\" class=\"\" style=\"width: 0px; height: 0px; overflow: hidden;\"></div><div id=\"cboxLoadingOverlay\" class=\"\"></div><div id=\"cboxLoadingGraphic\" class=\"\"></div><div id=\"cboxTitle\" class=\"\"></div><div id=\"cboxCurrent\" class=\"\"></div><div id=\"cboxNext\" class=\"\"></div><div id=\"cboxPrevious\" class=\"\"></div><div id=\"cboxSlideshow\" class=\"\"></div><div id=\"cboxClose\" class=\"\"></div></div><div id=\"cboxMiddleRight\" style=\"float: left;\"></div></div><div style=\"clear: left;\"><div id=\"cboxBottomLeft\" style=\"float: left;\"></div><div id=\"cboxBottomCenter\" style=\"float: left;\"></div><div id=\"cboxBottomRight\" style=\"float: left;\"></div></div></div><div style=\"position: absolute; width: 9999px; visibility: hidden; display: none;\"></div></div>\n\n\t\t\t<div id=\"cookie-message\">\n\t      <div class=\"contain group\">\n\t        <div class=\"continue-right\">\n\t\t        <a id=\"cookie-continue\" class=\"continue\" href=\"http://www.allergyuk.org/?cookieaccept=true\">Continue</a>\n\t        </div>\n        \t<h3>We use cookies to improve your experience of our site.</h3>\n        \t<p>By continuing to browse the site you are agreeing to our use of cookies. <a href=\"https://www.allergyuk.org/privacy-policy\" target=\"_self\">Find out more</a></p>\n\t      </div>\n\t    </div>\n\t  <div id=\"masterContainer\" style=\"left: 0px;\">\n\t<div id=\"header\"><div id=\"helplineBar\"><a href=\"getting-help/allergy-uk-helpline\">Helpline - 01322 619 898</a></div>\n\t\t<div id=\"search\" class=\"upscale\"><form method=\"get\" action=\"search.php\"><label for=\"searchtext\">Search:</label> <input name=\"searchtext\" id=\"searchtext\" class=\"searchbox\" type=\"text\" value=\"\"><input class=\"submit\" type=\"image\" src=\"templates/default/images/search-button-mobile.png\"></form></div>\n\t\t<div class=\"clear\"></div>\n\t\t<div id=\"logo\">\n\t\t\t<a href=\"home\"><img src=\"templates/default/images/allergy-uk-logo-strap.png\"></a>\n\t\t\t<!-- <span class=\"strapline\">Leading the fight against allergy</span> -->\n\t\t</div>\n\t\t\n\t\t<div id=\"header-menu\">\n\t\t<!-- START MENU -->\n\t\t<!-- START MENU --><ul></ul><!-- END MENU --><!-- START MENU --><ul></ul><!-- END MENU -->\t\t<!-- END MENU -->\n\t\t</div>\n\t\t<div id=\"postits\">\n\t\t\t<a id=\"postit-helpline\" href=\"getting-help/allergy-uk-helpline\">Helpline - <span>01322 619 898</span></a>\n\t\t\t<!-- START MENU -->\n\t\t\t<a target=\"_blank\" id=\"postit-livechat\" class=\"offline\" href=\"https://www.allergyuk.org/livezilla/chat.php\">Live chat <span>offline</span> - click here to leave a message</a>\t\t\t<!-- END MENU -->\n\t\t</div>\n\t\t<div class=\"clear\"></div>\n\t<a id=\"openMenu\" href=\"#\"><span>≡</span> MENU</a><a id=\"closeMenu\" href=\"#\"><span>×</span> CLOSE</a><a id=\"showSearch\" href=\"#\">SEARCH</a></div>\n    \n\t<div id=\"container\">\n\t\t\n\t\t<!-- START MENU --><div id=\"navigation\" style=\"left: -274px;\"><ul>\n\t\t\t<li class=\"first\">\n\t\t\t\t<a class=\"nav-dropdown-link\" href=\"about-allergy\">About Allergy</a>\n\t\t\t\t\t<div class=\"dropdown\" style=\"left: 15px\">\n\t\t\t\t\t\t<div class=\"left\">\n\t\t\t\t\t\t\t<div class=\"right\">\n\t\t\t\t\t\t\t\t<div class=\"container\" style=\"width: 611px\"><ul class=\"first-col\">\n<li><a href=\"what-is-an-allergy/what-is-an-allergy\">What is an Allergy?</a></li>\n<li><a href=\"what-is-causing-your-allergy/what-is-causing-your-allergy\">What is Causing Your Allergy?</a></li>\n<li><a href=\"why-is-allergy-increasing/why-is-allergy-increasing\">Why is Allergy Increasing?</a></li>\n<li><a href=\"diagnosis--testing-of-allergy/diagnosis-and-testing-of-allergy\">Diagnosis &amp; Testing of Allergy</a>\n<ul class=\"first-col\">\n<li><a class=\"menu-first\" href=\"diagnosis--testing-of-allergy/diagnosis-and-testing\">Diagnosis and Testing</a></li>\n<li><a href=\"diagnosis--testing-of-allergy/skin-testing\">Skin Prick Testing</a></li>\n<li><a href=\"diagnosis--testing-of-allergy/blood-tests\">Blood Tests</a></li>\n<li><a href=\"diagnosis--testing-of-allergy/patch-testing\">Patch Testing</a></li>\n<li><a href=\"diagnosis--testing-of-allergy/allergy-challenge\">Allergy Challenge</a></li>\n</ul>\n</li>\n</ul><ul>\n<li><a href=\"the-management-of-allergy/the-management-of-allergy\">The Management of Allergy</a></li>\n<ul>\n<li><a class=\"menu-first\" href=\"the-management-of-allergy/management-of-allergies\">Management of Allergies</a></li>\n<li><a href=\"the-management-of-allergy/allergy-medications\">Allergy Medications</a></li>\n<li><a href=\"the-management-of-allergy/immunotherapy\">Immunotherapy</a></li>\n</ul>\n<li><a href=\"getting-help/getting-help\">Getting Help</a>\n<ul>\n<li><a class=\"menu-first\" href=\"getting-help/where-to-start\">Where to Start</a></li>\n<li><a href=\"getting-help/nhs-allergy-services\">NHS Allergy Services</a></li>\n<li><a href=\"getting-help/allergy-uk-helpline\">Allergy UK Helpline</a></li>\n<li><a href=\"getting-help/support-contact-network\">Support Contact Network</a></li>\n<li><a href=\"getting-help/translation-cards\">Translation Cards</a></li>\n<li><a href=\"getting-help/other-resources\">Other Resources</a></li>\n</ul>\n</li>\n</ul><ul>\n<li><a href=\"allergies-in-the-home/allergies-in-the-home\">Allergies in the Home</a></li>\n<ul>\n<li><a class=\"menu-first\" href=\"allergies-in-the-home/childs-bedroom\">Child's Bedroom</a></li>\n<li><a href=\"allergies-in-the-home/bedroom\">Bedroom</a></li>\n<li><a href=\"allergies-in-the-home/bathroom\">Bathroom</a></li>\n<li><a href=\"allergies-in-the-home/kitchen\">Kitchen</a></li>\n<li><a href=\"allergies-in-the-home/lounge\">Lounge</a></li>\n<li><a href=\"allergies-in-the-home/garage\">Garage</a></li>\n<li><a href=\"allergies-in-the-home/garden\">Garden</a></li>\n</ul>\n<li><a href=\"glossary-of-terms/glossary-of-terms\">Glossary of Terms</a></li>\n</ul>\n\t\t\t\t\t\t\t\t\t<div class=\"clear\"></div>\n\t\t\t\t\t\t\t\t\t<div class=\"top\"></div>\n\t\t\t\t\t\t\t\t\t<div class=\"bottom\"></div>\n\t\t\t\t\t\t\t\t\t<div class=\"tl\"></div><div class=\"bl\"></div><div class=\"tr\"></div><div class=\"br\"></div>\n\t\t\t\t\t\t\t\t\t<div class=\"arrow\"></div>\n\t\t\t\t\t\t\t\t</div>\n\t\t\t\t\t\t\t</div>\n\t\t\t\t\t\t</div>\n\t\t\t\t\t</div>\n\t\t\t</li>\n\t\t\n\t\t\t<li>\n\t\t\t\t<a class=\"nav-dropdown-link\" href=\"types-of-allergy-menu/types-of-allergy\">Types of Allergy</a>\n\t\t\t\t\t<div class=\"dropdown\" style=\"left: 15px\">\n\t\t\t\t\t\t<div class=\"left\">\n\t\t\t\t\t\t\t<div class=\"right\">\n\t\t\t\t\t\t\t\t<div class=\"container\" style=\"width: 824px\"><ul class=\"first-col\">\n<li><a class=\"menu-first\" href=\"severe-allergy-and-anaphylaxis/severe-allergy-and-anaphylaxis\">Severe Allergy &amp; Anaphylaxis</a></li>\n<ul class=\"first-col\">\n<li><a class=\"menu-first\" href=\"severe-allergy-and-anaphylaxis/anaphylaxis\">Anaphylaxis and Severe Allergic Reactions</a></li>\n<li><a href=\"severe-allergy-and-anaphylaxis/adrenaline-auto-injectors\">Adrenaline Auto-Injectors</a></li>\n</ul>\n<li><a href=\"skin-allergy/skin-allergy\">Skin Allergy</a></li>\n<ul class=\"first-col\">\n<li><a class=\"menu-first\" href=\"skin-allergy/atopic-eczema\">Atopic Eczema</a></li>\n<li><a href=\"skin-allergy/allergy-to-cosmetics\">Allergy to Cosmetics</a></li>\n<li><a href=\"skin-allergy/reactions-to-hair-dye\">Reactions to Hair Dye</a></li>\n<li><a href=\"skin-allergy/nickel-allergy\">Nickel Allergy</a></li>\n<li><a href=\"skin-allergy/balsam-of-peru\">Balsam of Peru</a></li>\n<li><a href=\"skin-allergy/sun-sensitivity\">Sun Sensitivity</a></li>\n<li><a href=\"skin-allergy/urticaria-and-angiodema\">Urticaria and Angioedema</a></li>\n</ul>\n</ul><ul>\n<li><a href=\"respiratory-allergy/respiratory-allergy-menu\">Respiratory Allergy</a></li>\n<ul>\n<li><a class=\"menu-first\" href=\"respiratory-allergies/respiratory-allergies\">Respiratory Allergies</a></li>\n<li><a href=\"hayfever-and-allergic-rhinitis/hay-fever-and-allergic-rhinitis\">Hay fever and Allergic Rhinitis</a></li>\n<li><a href=\"allergy-to-domestic-pets/allergy-to-domestic-pets\">Allergy to Domestic Pets</a></li>\n<li><a href=\"allergic-eye-disease/allergic-eye-disease\">Allergic Eye Disease</a></li>\n<li><a href=\"asthma/asthma\">Asthma</a></li>\n<li><a href=\"sulphites-and-airway-symptoms/sulphites-and-airway-symptoms\">Sulphites and Airway Symptoms</a></li>\n<li><a href=\"avoiding-respiratory-allergens/house-dust-mite\">House Dust Mite</a></li>\n<li><a href=\"avoiding-respiratory-allergens/domestic-pets-avoidance\">Domestic Pets Avoidance</a></li>\n<li><a href=\"avoiding-respiratory-allergens/pollen-avoidance\">Pollen Avoidance</a></li>\n<li><a href=\"avoiding-respiratory-allergens/mould-allergy-advice\">Mould Allergy Advice</a></li>\n<li><a href=\"avoiding-respiratory-allergens/pollens-and-moulds-in-the-garden\">Pollens and Moulds in the Garden</a></li>\n</ul>\n</ul><ul>\n<li><a href=\"food-allergy/food-allergy-menu\">Food Allergy</a></li>\n<ul>\n<li><a class=\"menu-first\" href=\"what-is-food-allergy/what-is-food-allergy\">What is Food Allergy?</a></li>\n<li><a href=\"food-allergy-or-food-intolerance/food-allergy-or-food-intolerance\">Food Allergy or Food Intolerance?</a></li>\n<li><a href=\"milk-allergy/milk-allergy\">Milk Allergy</a></li>\n<li><a href=\"egg-allergy/egg-allergy\">Egg Allergy</a></li>\n<li><a href=\"soya-and-soy-allergy/soya-soy-allergy\">Soya (Soy) Allergy</a></li>\n<li><a href=\"fish-and-seafood-allergy/fish-and-seafood-allergy\">Fish / Seafood Allergy</a></li>\n<li><a href=\"peanut-and-tree-nut-allergy/peanut-and-tree-nut-allergy\">Peanut and Tree Nut Allergy</a></li>\n<li><a href=\"sesame-and-other-seeds/sesame-and-other-seeds\">Sesame and Other Seeds</a></li>\n<li><a href=\"food-allergy/mustard-allergy\">Mustard Allergy</a></li>\n<li><a href=\"allergy-to-wheat-and-other-grains/allergy-to-wheat-and-other-grains\">Allergy to Wheat and Other Grains</a></li>\n<li><a href=\"oral-allergy-syndrome/oral-allergy-syndrome\">Oral Allergy Syndrome</a></li>\n</ul>\n</ul><ul>\n<ul>\n<li><a href=\"general-avoidance/shopping-and-cooking-for-a-restricted-diet\">Shopping and Cooking for a Restricted Diet</a></li>\n<li><a href=\"general-avoidance/travelling-abroad-with-a-food-allergy\">Travelling with a Food Allergy</a></li>\n</ul>\n<li><a href=\"rubber-latex-allergy/rubber-latex-allergy\">Rubber Latex Allergy</a></li>\n<li>\n<p><a href=\"drug-allergy/drug-allergy\">Drug Allergy</a></p>\n<ul>\n<li><a class=\"menu-first\" href=\"drug-allergy/adverse-reactions-to-medicines\">Adverse Reactions to Medicines</a></li>\n<li><a href=\"drug-allergy/aspirin-intolerance-and-salicylates\">Aspirin Intolerance and Salicylates</a></li>\n</ul>\n</li>\n<li><a href=\"allergy-to-wasp-and-bee-stings/allergy-to-wasp-and-bee-stings\">Allergy to Wasp &amp; Bee Stings</a></li>\n</ul>\n\t\t\t\t\t\t\t\t\t<div class=\"clear\"></div>\n\t\t\t\t\t\t\t\t\t<div class=\"top\"></div>\n\t\t\t\t\t\t\t\t\t<div class=\"bottom\"></div>\n\t\t\t\t\t\t\t\t\t<div class=\"tl\"></div><div class=\"bl\"></div><div class=\"tr\"></div><div class=\"br\"></div>\n\t\t\t\t\t\t\t\t\t<div class=\"arrow\" style=\"left: 115px;\"></div>\n\t\t\t\t\t\t\t\t</div>\n\t\t\t\t\t\t\t</div>\n\t\t\t\t\t\t</div>\n\t\t\t\t\t</div>\n\t\t\t</li>\n\t\t\n\t\t\t<li>\n\t\t\t\t<a class=\"nav-dropdown-link\" href=\"child-allergy-menu/child-allergy\">Child Allergy</a>\n\t\t\t\t\t<div class=\"dropdown\" style=\"left: 15px\">\n\t\t\t\t\t\t<div class=\"left\">\n\t\t\t\t\t\t\t<div class=\"right\">\n\t\t\t\t\t\t\t\t<div class=\"container\" style=\"width: 824px\"><ul class=\"first-col\">\n<li><a class=\"menu-first\" href=\"allergy-in-children/allergy-in-children\">Allergy in Children</a></li>\n<ul class=\"first-col\">\n<li><a class=\"menu-first\" href=\"allergy-in-children/childhood-allergy---an-introduction\">Childhood Allergy - An Introduction</a></li>\n<li><a href=\"allergy-in-children/spotting-symptoms-in-a-child\">Spotting Symptoms In A Child</a></li>\n<li><a href=\"allergy-in-children/diagnosis-of-allergies-in-children\">Diagnosis of Allergies in Children</a></li>\n<li><a href=\"allergy-in-children/symptoms-diary\">Symptoms Diary</a></li>\n<li><a href=\"allergy-in-children/getting-the-most-from-your-appointment\">Getting the Most From Your Appointment</a></li>\n<li><a href=\"allergy-in-children/the-allergy-team\">The Allergy Team</a></li>\n<li><a href=\"allergy-in-children/treatment-strategies\">Treatment Strategies</a></li>\n<li><a href=\"allergy-in-children/finding-support\">Finding Support</a></li>\n<li><a href=\"allergy-in-children/beyond-diagnosis-and-treatment\">Beyond Diagnosis and Treatment</a></li>\n</ul>\n<li>\n<p><a href=\"causes-and-risks-of-allergy/causes-and-risks-of-allergy\">Causes and Risks of Allergy</a></p>\n</li>\n<ul class=\"first-col\">\n<li><a href=\"causes-and-risks-of-allergy/allergy--the-genetic-risk\">Allergy – The Genetic Risk</a></li>\n<li><a href=\"causes-and-risks-of-allergy/the-allergic-march\">The Allergic March</a></li>\n<li><a href=\"causes-and-risks-of-allergy/allergies-during-pregnancy\">Allergies During Pregnancy</a></li>\n<li><a href=\"causes-and-risks-of-allergy/allergies-and-the-unborn-child\">Allergies and the Unborn Child</a></li>\n</ul>\n</ul><ul>\n<li><a href=\"child-allergy-types-of-allergy/types-of-allergy-menu\">Types of Allergy</a></li>\n<ul>\n<li class=\"selected\"><a class=\"menu-first\" href=\"atopic-dermatitis-and-eczema-in-children/atopic-dermatitis-eczema-in-children\">Atopic Dermatitis and Eczema in Children</a></li>\n<li><a href=\"childhood-asthma/childhood-asthma\">Childhood Asthma / Wheeze</a></li>\n<li><a href=\"allergic-rhinitis-in-children/allergic-rhinitis-in-children\">Allergic Rhinitis in Children</a></li>\n<li><a href=\"childhood-food-allergy/childhood-food-allergy\">Childhood Food Allergy</a></li>\n<li><a class=\"menu-first\" href=\"childhood-food-allergy/food-allergy-in-babies-and-children\">Food Allergy in Babies and Children</a></li>\n<li><a href=\"childhood-food-allergy/food-allergy-treatments\">Food Allergy Treatments</a></li>\n<li><a href=\"childhood-food-allergy/essential-information-needs-about-food-allergy\">Essential Information Needs About Food Allergy</a></li>\n<li><a href=\"childhood-food-allergy/fpies\">FPIES</a></li>\n<li><a href=\"childhood-food-allergy/eosinophilic-oesophagitis\">Eosinophilic Oesophagitis</a></li>\n<li><a href=\"childhood-food-allergy/milk-mucous-and-cough\">Milk, Mucus and Cough</a></li>\n<li><a href=\"latex-allergy/latex-allergy\">Latex Allergy in Children</a></li>\n</ul>\n</ul><ul>\n<li><a href=\"living-with-allergy/living-with-allergy\">Living with Allergy</a>\n<ul>\n<li><a class=\"menu-first\" href=\"living-with-allergy/living-with-a-child-with-allergies\">Living with a Child with Allergies</a></li>\n<li><a href=\"living-with-allergy/is-it-more-stressful-for-an-allergic-child\">Is it more Stressful for an Allergic Child?</a></li>\n<li><a href=\"living-with-allergy/five-key-things-to-learn\">Five Key Things to Learn</a></li>\n<li><a href=\"living-with-allergy/independence\">Independence</a></li>\n<li><a href=\"living-with-allergy/family-and-friends\">Family &amp; Friends</a></li>\n<li><a href=\"living-with-allergy/childcare\">Childcare</a></li>\n<li><a href=\"living-with-allergy/starting-school\">Starting School</a></li>\n<li><a href=\"living-with-allergy/activity-clubs-parties-and-more\">Activity Clubs, Parties and More!</a></li>\n<li><a href=\"living-with-allergy/holidays\">Holidays</a></li>\n<li><a href=\"living-with-allergy/travelling-overseas-with-the-allergic-infant\">Travelling with&nbsp;an Allergic Infant</a></li>\n<li><a href=\"living-with-allergy/essential-points\">Essential Points</a></li>\n</ul>\n</li>\n</ul><ul>\n<li><a href=\"childcarers-and-teachers/advice-for-childcarers-and-teachers-menu\">Childcarers and Teachers</a>\n<ul>\n<li><a class=\"menu-first\" href=\"childcarers-and-teachers/advice-for-childcarers-and-teachers\">Advice for Childcarers / Teachers</a></li>\n<li><a href=\"childcarers-and-teachers/being-allergy-aware\">Being Allergy Aware</a></li>\n<li><a href=\"childcarers-and-teachers/allergy-protocols\">Allergy Protocols</a></li>\n</ul>\n</li>\n<li><a href=\"advice-for-parents-with-a-new-baby/advice-for-parents-with-a-new-baby\">Advice for Parents with a New Baby</a>\n<ul>\n<li><a class=\"menu-first\" href=\"advice-for-parents-with-a-new-baby/your-new-baby\">Your New Baby</a></li>\n<li><a href=\"advice-for-parents-with-a-new-baby/is-my-child-allergic-to-cow-s-milk-protein\">Does My Child Have Cows' Milk Allergy?</a></li>\n<li><a href=\"advice-for-parents-with-a-new-baby/weaning-your-baby-on-to-solids\">Weaning Your Baby on to Solids</a></li>\n<li><a href=\"advice-for-parents-with-a-new-baby/immunisations\">Immunisations</a></li>\n<li><a href=\"advice-for-parents-with-a-new-baby/avoiding-triggers\">Avoiding Triggers</a></li>\n</ul>\n</li>\n</ul>\n\t\t\t\t\t\t\t\t\t<div class=\"clear\"></div>\n\t\t\t\t\t\t\t\t\t<div class=\"top\"></div>\n\t\t\t\t\t\t\t\t\t<div class=\"bottom\"></div>\n\t\t\t\t\t\t\t\t\t<div class=\"tl\"></div><div class=\"bl\"></div><div class=\"tr\"></div><div class=\"br\"></div>\n\t\t\t\t\t\t\t\t\t<div class=\"arrow\" style=\"left: 254px;\"></div>\n\t\t\t\t\t\t\t\t</div>\n\t\t\t\t\t\t\t</div>\n\t\t\t\t\t\t</div>\n\t\t\t\t\t</div>\n\t\t\t</li>\n\t\t\n\t\t\t<li>\n\t\t\t\t<a class=\"nav-dropdown-link\" href=\"intolerance-and-sensitivity-menu/intolerance-and-sensitivity\">Intolerances</a>\n\t\t\t\t\t<div class=\"dropdown\" style=\"left: 15px\">\n\t\t\t\t\t\t<div class=\"left\">\n\t\t\t\t\t\t\t<div class=\"right\">\n\t\t\t\t\t\t\t\t<div class=\"container\" style=\"width: 611px\"><ul class=\"first-col\">\n<li><a class=\"menu-first\" href=\"food-intolerance/food-intolerance\">Food Intolerance</a>\n<ul class=\"first-col\">\n<li><a class=\"menu-first\" href=\"food-intolerance/what-is-food-intolerance\">What is Food Intolerance?</a></li>\n<li><a href=\"food-intolerance/allergy-or-intolerance\">Allergy or Intolerance</a></li>\n<li><a href=\"food-intolerance/identifying-your-food-intolerances\">Identifying your Food Intolerances</a></li>\n</ul>\n</li>\n</ul><ul>\n<li><a href=\"common-food-intolerances/common-food-intolerances\">Common Food Intolerances</a></li>\n<ul>\n<li><a href=\"allergy-to-wheat-and-other-grains/allergy-to-wheat-and-other-grains\">Wheat and Gluten Intolerance</a></li>\n<li><a href=\"common-food-intolerances/yeast-intolerance\">Yeast Intolerance</a></li>\n<li><a href=\"common-food-intolerances/alcohol-intolerance\">Alcohol Intolerance</a></li>\n<li><a href=\"common-food-intolerances/histamine-intolerance\">Histamine Intolerance</a></li>\n</ul>\n</ul><ul>\n<li class=\"selected\"><a href=\"irritable-bowel-syndrome/irritable-bowel-syndrome\">Irritable Bowel Syndrome</a></li>\n<li><a href=\"getting-help-with-food-intolerance/getting-help-with-food-intolerance\">Getting Help with Food Intolerance</a>\n<ul>\n<li><a class=\"menu-first\" href=\"getting-help-with-food-intolerance/what-can-i-do\">What can I do?</a></li>\n<li><a href=\"getting-help-with-food-intolerance/living-with-intolerance\">Living with Intolerance</a></li>\n<li><a href=\"getting-help-with-food-intolerance/other-resources-1\">Other Resources</a></li>\n</ul>\n</li>\n</ul>\n\t\t\t\t\t\t\t\t\t<div class=\"clear\"></div>\n\t\t\t\t\t\t\t\t\t<div class=\"top\"></div>\n\t\t\t\t\t\t\t\t\t<div class=\"bottom\"></div>\n\t\t\t\t\t\t\t\t\t<div class=\"tl\"></div><div class=\"bl\"></div><div class=\"tr\"></div><div class=\"br\"></div>\n\t\t\t\t\t\t\t\t\t<div class=\"arrow\" style=\"left: 358px;\"></div>\n\t\t\t\t\t\t\t\t</div>\n\t\t\t\t\t\t\t</div>\n\t\t\t\t\t\t</div>\n\t\t\t\t\t</div>\n\t\t\t</li>\n\t\t\n\t\t\t<li>\n\t\t\t\t<a class=\"nav-dropdown-link\" href=\"schools-menu/schools-link\">Schools</a>\n\t\t\t\t\t<div class=\"dropdown\" style=\"left: 529px\">\n\t\t\t\t\t\t<div class=\"left\">\n\t\t\t\t\t\t\t<div class=\"right\">\n\t\t\t\t\t\t\t\t<div class=\"container\" style=\"width: 398px\"><ul class=\"first-col\">\n<li><a href=\"schools/whole-school-allergy-awareness-and-management\">Whole-School Allergy Awareness &amp; Management</a>\n<ul class=\"first-col\">\n<li><a href=\"schools/about-the-project\">About the project</a></li>\n<li><a href=\"schools/consensus-statement\">Consensus Statement</a></li>\n</ul>\n</li>\n<li><a href=\"schools-case-studies/case-studies\">Case Studies in Action</a>\n<ul class=\"first-col\">\n<li><a href=\"schools-case-studies/highgate-school\">Highgate School</a></li>\n<li><a href=\"schools-case-studies/trinity-lewisham\">Trinity Lewisham</a></li>\n</ul>\n</li>\n<li><a href=\"schools-allergy-action-group/schools-allergy-action-group\">Schools Action Allergy Group (SAAG)</a></li>\n<ul class=\"first-col\">\n<li><a href=\"schools-allergy-action-group/how-a-saag-can-help-your-school\">How a SAAG can help</a></li>\n<li><a href=\"schools-allergy-action-group/how-saags-work\">How SAAGs work</a></li>\n<li><a href=\"schools-allergy-action-group/the-health-education-trust\">The Health Education Trust</a></li>\n</ul>\n</ul><ul>\n<li><a href=\"schools-resources/resources-for-schools\">Resources</a></li>\n<li><a href=\"expert-workshop/expert-workshop\">Expert Workshop</a></li>\n<li><a href=\"schools-faqs/frequently-asked-questions\">FAQs</a></li>\n<li><a href=\"schools-contact-us/schools-contact-us\">Contact Us</a></li>\n</ul>\n\t\t\t\t\t\t\t\t\t<div class=\"clear\"></div>\n\t\t\t\t\t\t\t\t\t<div class=\"top\"></div>\n\t\t\t\t\t\t\t\t\t<div class=\"bottom\"></div>\n\t\t\t\t\t\t\t\t\t<div class=\"tl\"></div><div class=\"bl\"></div><div class=\"tr\"></div><div class=\"br\"></div>\n\t\t\t\t\t\t\t\t\t<div class=\"arrow\"></div>\n\t\t\t\t\t\t\t\t</div>\n\t\t\t\t\t\t\t</div>\n\t\t\t\t\t\t</div>\n\t\t\t\t\t</div>\n\t\t\t</li>\n\t\t\n\t\t\t<li>\n\t\t\t\t<a class=\"nav-dropdown-link\" href=\"specific-food-alerts/specific-food-alerts\">Food Alerts</a>\n\t\t\t\t\t<div class=\"dropdown\" style=\"left: 529px\">\n\t\t\t\t\t\t<div class=\"left\">\n\t\t\t\t\t\t\t<div class=\"right\">\n\t\t\t\t\t\t\t\t<div class=\"container\" style=\"width: 398px\"><ul class=\"first-col\">\n<li><a href=\"specific-food-alerts/specific-food-alerts\">Specific Food Alerts</a></li>\n<ul class=\"first-col\">\n<li><a class=\"menu-first\" href=\"specific-food-alerts/celery-alerts\">Celery Alerts</a></li>\n<li><a href=\"specific-food-alerts/egg-alerts\">Egg Alerts</a></li>\n<li><a href=\"specific-food-alerts/fish-and-seafood-alerts\">Fish / Seafood Alerts</a></li>\n<li><a href=\"specific-food-alerts/milk-alerts\">Milk Alerts</a></li>\n<li><a href=\"specific-food-alerts/mustard-alerts\">Mustard Alerts</a></li>\n<li><a href=\"specific-food-alerts/peanut-and-tree-nuts-alerts\">Peanut &amp; Tree Nut Alerts</a></li>\n</ul>\n</ul><ul>\n<ul>\n<li><a href=\"specific-food-alerts/sesame-alerts\">Sesame Alerts</a></li>\n<li><a href=\"specific-food-alerts/soya-and-soy-alerts\">Soya (Soy) Alerts</a></li>\n<li><a href=\"specific-food-alerts/sulphite-alerts\">Sulphite Alerts</a></li>\n<li><a href=\"specific-food-alerts/wheat-and-gluten-alerts\">Wheat / Gluten Alerts</a></li>\n</ul>\n<li><a href=\"sign-up-for-food-alerts/sign-up-for-food-alerts\">Sign up for Food Alerts</a></li>\n</ul>\n\t\t\t\t\t\t\t\t\t<div class=\"clear\"></div>\n\t\t\t\t\t\t\t\t\t<div class=\"top\"></div>\n\t\t\t\t\t\t\t\t\t<div class=\"bottom\"></div>\n\t\t\t\t\t\t\t\t\t<div class=\"tl\"></div><div class=\"bl\"></div><div class=\"tr\"></div><div class=\"br\"></div>\n\t\t\t\t\t\t\t\t\t<div class=\"arrow\" style=\"left: 111px;\"></div>\n\t\t\t\t\t\t\t\t</div>\n\t\t\t\t\t\t\t</div>\n\t\t\t\t\t\t</div>\n\t\t\t\t\t</div>\n\t\t\t</li>\n\t\t\n\t\t\t<li>\n\t\t\t\t<a class=\"nav-dropdown-link\" href=\"products-and-services/listing\">Products &amp; Services</a>\n\t\t\t\t\t<div class=\"dropdown\" style=\"left: 300px\">\n\t\t\t\t\t\t<div class=\"left\">\n\t\t\t\t\t\t\t<div class=\"right\">\n\t\t\t\t\t\t\t\t<div class=\"container\" style=\"width: 398px\"><ul class=\"first-col\">\n<li><a href=\"products-and-services/listing\">Products &amp; Services Listings</a></li>\n<ul class=\"first-col\">\n<li><a href=\"products-and-services/listing/air-purifiers\">Air Purifiers</a></li>\n<li><a href=\"products-and-services/listing/bed-mattresses\">Beds &amp; Mattresses</a></li>\n<li><a href=\"products-and-services/listing/bed-cleaners\">Bed Cleaners</a></li>\n<li><a href=\"products-and-services/listing/bedding\">Bedding</a></li>\n<li><a href=\"products-and-services/listing/carpet-cleaners\">Carpet Cleaners</a></li>\n<li><a href=\"products-and-services/listing/ceiling-panels\">Ceiling Panels</a></li>\n<li><a href=\"products-and-services/listing/cleaning-products\">Cleaning Products</a></li>\n<li><a href=\"products-and-services/listing/floorings-coverings\">Floorings / Coverings</a></li>\n<li><a href=\"products-and-services/listing/hayfever-products\">Hayfever Products</a></li>\n<li><a href=\"products-and-services/listing/heating-and-ventilation\">Heating and Ventilation</a></li>\n<li><a href=\"products-and-services/listing/infant-care\">Infant Care</a></li>\n<li><a href=\"products-and-services/listing/laundry-appliances\">Laundry Appliances</a></li>\n<li><a href=\"products-and-services/listing/paints-varnishes\">Paints &amp; Varnishes</a></li>\n<li><a href=\"products-and-services/listing/personal-care\">Personal Care</a></li>\n<li><a href=\"products-and-services/listing/steam-cleaners\">Steam Cleaners</a></li>\n<li><a href=\"products-and-services/listing/vacuum-cleaners-and-accessories\">Vacuum Cleaners</a></li>\n</ul>\n</ul><ul>\n<li><a href=\"seal-of-approval/seal-of-approval\">Seal of Approval</a></li>\n<li><a href=\"allergy-friendly-products/allergy-friendly-products\">Allergy Friendly Products</a></li>\n<li><a href=\"information-for-manufacturers/information-for-manufacturers\">Information for Manufacturers</a></li>\n<ul>\n<li><a class=\"menu-first\" href=\"information-for-manufacturers/working-with-allergy-uk\">Working with Allergy UK</a></li>\n<li><a href=\"information-for-manufacturers/how-to-apply\">How to Apply</a></li>\n<li><a href=\"information-for-manufacturers/seal-of-approval-faqs\">Seal of Approval FAQs</a></li>\n<li><a href=\"information-for-manufacturers/allergy-friendly-product-faqs\">Allergy Friendly Product FAQs</a></li>\n</ul>\n<li><a href=\"useful-services/useful-services\">Useful Services</a></li>\n<li><a href=\"allergy-aware-scheme/allergy-aware-scheme\">Allergy Aware Scheme</a></li>\n</ul>\n\t\t\t\t\t\t\t\t\t<div class=\"clear\"></div>\n\t\t\t\t\t\t\t\t\t<div class=\"top\"></div>\n\t\t\t\t\t\t\t\t\t<div class=\"bottom\"></div>\n\t\t\t\t\t\t\t\t\t<div class=\"tl\"></div><div class=\"bl\"></div><div class=\"tr\"></div><div class=\"br\"></div>\n\t\t\t\t\t\t\t\t\t<div class=\"arrow\" style=\"left: 495px;\"></div>\n\t\t\t\t\t\t\t\t</div>\n\t\t\t\t\t\t\t</div>\n\t\t\t\t\t\t</div>\n\t\t\t\t\t</div>\n\t\t\t</li>\n\t\t\n\t\t\t<li class=\"last\">\n\t\t\t\t<a class=\"nav-dropdown-link\" href=\"get-involved/get-involved\">Get Involved</a>\n\t\t\t\t\t<div class=\"dropdown\" style=\"left: px\">\n\t\t\t\t\t\t<div class=\"left\">\n\t\t\t\t\t\t\t<div class=\"right\">\n\t\t\t\t\t\t\t\t<div class=\"container\" style=\"width: 611px\"><ul class=\"first-col\">\n<li class=\"selected\"><a class=\"menu-first\" href=\"fundraising/fundraising-menu\">Fundraising</a></li>\n<ul class=\"first-col\">\n<li><a class=\"menu-first\" href=\"current-events/current-events\">Current Events</a></li>\n<li><a href=\"meet-our-fundraisers/meet-our-fundraisers\">Meet our Fundraisers</a></li>\n<li><a href=\"fundraising-groups/fundraising-groups\">Fundraising Groups</a></li>\n<li><a href=\"ideas-for-fundraising/ideas-for-fundraising\">Ideas for Fundraising</a></li>\n<li><a href=\"fundraising-pack/fundraising-pack\">Request a Fundraising Pack</a></li>\n</ul>\n</ul><ul>\n<li><a href=\"donate-to-us/donate-to-us\">Donate to Us</a>\n<ul>\n<li><a href=\"donate-to-us/why-donate-to-us\">Why&nbsp;Donate to Allergy UK?</a></li>\n<li><a href=\"donate-to-us/direct-debit\">Monthly Donation</a></li>\n<li><a href=\"donate-to-us/single-donation\">Single Donation</a></li>\n<li><a href=\"donate-to-us/give-by-text\">Give by Text</a></li>\n<li><a href=\"donate-to-us/payroll-giving\">Payroll Giving</a></li>\n<li><a href=\"donate-to-us/legacies-and-wills\">Legacies / Wills</a></li>\n<li><a href=\"donate-to-us/in-memory-hosted-on-just-giving\">In Memory</a></li>\n</ul>\n</li>\n</ul><ul>\n<li><a href=\"volunteer-with-allergy-uk/volunteer-with-allergy-uk\">Volunteer with Allergy UK</a></li>\n<ul>\n<li><a class=\"menu-first\" href=\"volunteer-with-allergy-uk/administrative-support\">Administrative Support</a></li>\n<li><a href=\"volunteer-with-allergy-uk/allergy-uk-ambassadors\">Allergy UK Champions</a></li>\n<li><a href=\"volunteer-with-allergy-uk/fundraising\">Fundraising</a></li>\n</ul>\n<li><a href=\"other-ways-to-help/other-ways-to-help\">Other Ways to Help</a></li>\n<li><a href=\"working-in-partnership/working-in-partnership\">Working In Partnership</a></li>\n</ul>\n\t\t\t\t\t\t\t\t\t<div class=\"clear\"></div>\n\t\t\t\t\t\t\t\t\t<div class=\"top\"></div>\n\t\t\t\t\t\t\t\t\t<div class=\"bottom\"></div>\n\t\t\t\t\t\t\t\t\t<div class=\"tl\"></div><div class=\"bl\"></div><div class=\"tr\"></div><div class=\"br\"></div>\n\t\t\t\t\t\t\t\t\t<div class=\"arrow\"></div>\n\t\t\t\t\t\t\t\t</div>\n\t\t\t\t\t\t\t</div>\n\t\t\t\t\t\t</div>\n\t\t\t\t\t</div>\n\t\t\t</li>\n\t\t<li class=\"donate\"><a href=\"/donate-to-us/why-donate-to-us\" onclick=\"_gaq.push(['_trackEvent','Donate Button Clicked','Red Donate Button','/']);\"><span class=\"left\"></span><span class=\"right\"></span><span class=\"mid\">Donate</span></a></li></ul><ul id=\"extraNav\"><li class=\"\"><a class=\"menu-first\" href=\"about-allergyuk-menu/about-allergy-uk\">About Allergy UK</a></li><li class=\"\"><a href=\"news-and-media-menu/news-and-media\">News &amp; Media</a></li><li class=\"\"><a href=\"resources/resources\">Resources</a></li><li class=\"\"><a href=\"glossary/glossary\">Glossary</a></li><li class=\"\"><a target=\"_blank\" href=\"http://forum.allergyuk.org\">Forum</a></li><li class=\"\"><a class=\"menu-first\" href=\"working-in-partnership/working-in-partnership\">Working in Partnership</a></li><li class=\"\"><a href=\"information-for-manufacturers/information-for-manufacturers\">Manufacturers</a></li><li class=\"\"><a href=\"allergy-aware-scheme/allergy-aware-scheme\">Allergy Aware Scheme</a></li><li class=\"\"><a href=\"hcp/healthcare-professionals\">Health Professionals</a></li><li class=\"\"><a href=\"contact-us/contact-us\">Contact Us</a></li></ul></div><!-- END MENU -->                \n\t\t<div class=\"clear responsive-hide\"></div>\n        \n    <p class=\"footlink\">\n <a href=\"http://www.allergyuk.org/skin-allergy/atopic-eczema\">Eczema</a>\n<a href=\"http://www.allergyuk.org/skin-allergy/atopic-eczema\"> Atopic Eczema</a>\n <a href=\"http://www.allergyuk.org/atopic-dermatitis-and-eczema-in-children/atopic-dermatitis-eczema-in-children\">Dermatitis</a>\n<a href=\"http://www.allergyuk.org/atopic-dermatitis-and-eczema-in-children/atopic-dermatitis-eczema-in-children\">Childhood Dermatitis</a>\n<a href=\"http://www.allergyuk.org/atopic-dermatitis-and-eczema-in-children/atopic-dermatitis-eczema-in-children\">Contact Dermatitis</a>\n <a href=\"http://www.allergyuk.org/childhood-food-allergy/food-allergies-and-eczema\">Eczema and Food</a>\n</p>\n\n\t\t<script>\n\n\t\t\t$(document).ready(function(){\n\n\t\t\t\t$('#postit-livechat').click(function(e){\n\n\t\t\t\t\twindow.open('https://www.allergyuk.org/livezilla/chat.php','','width=590,height=725,left=0,top=0,resizable=yes,menubar=no,location=no,status=yes,scrollbars=yes');\t\n\n\t\t\t\t\te.preventDefault();\n\n\t\t\t\t});\n\n\t\t\t});\n\n\t\t</script>\n\n\n\n\n\n\t\n\n\n\n\t<!-- LiveZilla Tracking Code (ALWAYS PLACE IN BODY ELEMENT) --><div id=\"livezilla_tracking\" style=\"display:none\"><script async=\"\" type=\"text/javascript\" src=\"https://www.allergyuk.org/livezilla/server.php?acid=084af&amp;request=track&amp;output=jcrpt&amp;nse=0.5019534902613882\"></script></div><script type=\"text/javascript\">\n\n\n\nvar script = document.createElement(\"script\");script.async=true;script.type=\"text/javascript\";var src = \"https://www.allergyuk.org/livezilla/server.php?acid=084af&request=track&output=jcrpt&nse=\"+Math.random();setTimeout(\"script.src=src;document.getElementById('livezilla_tracking').appendChild(script)\",1);\n\n\n\n</script><noscript>&lt;img src=\"https://www.allergyuk.org/livezilla/server.php?acid=084af&amp;amp;request=track&amp;amp;output=nojcrpt\" width=\"0\" height=\"0\" style=\"visibility:hidden;\" alt=\"\" /&gt;</noscript><!-- http://www.LiveZilla.net Tracking Code -->\n\n<div id=\"body\">\n\t<div id=\"home-features\">\n\t\t<div id=\"slider\"><div id=\"slides\" style=\"\">\n\t\t\t<a href=\"about-allergyuk-menu/about-allergy-uk-menu\" class=\"slide\" id=\"slide-1\" style=\"background-image: url(&quot;images/home/home-feature/slide1.jpg&quot;);\" title=\"Welcome\" rel=\"NoFollow\" onclick=\"_gaq.push(['_trackEvent','Homepage Interaction','Slide-1','about-allergyuk-menu/about-allergy-uk-menu']);\">\n\t\t\t\t\t\t<span class=\"text\">\n\t\t\t\t\t\t\t<span class=\"desc\">Allergy UK is the leading national charity providing support, advice and information for those with allergies </span>\n\t\t\t\t\t\t\t<span class=\"arrow\"></span>\n\t\t\t\t\t\t</span>\n\t\t\t\t\t</a>\n\t\t\t<a href=\"http://www.allergyuk.org/news-and-media/social-media\" class=\"slide\" id=\"slide-2\" style=\"background-image: url(&quot;images/home/home-feature/support-group-pic-for-homepage-featured-items_cropped.jpg&quot;);\" title=\"Join the Discussion\" rel=\"NoFollow\" onclick=\"_gaq.push(['_trackEvent','Homepage Interaction','Slide-2','http://www.allergyuk.org/news-and-media/social-media']);\">\n\t\t\t\t\t\t<span class=\"text\">\n\t\t\t\t\t\t\t<span class=\"desc\">Visit our social media pages for one to one advice and support from Allergy UK and others</span>\n\t\t\t\t\t\t\t<span class=\"arrow\"></span>\n\t\t\t\t\t\t</span>\n\t\t\t\t\t</a>\n\t\t\t<a href=\"skin-allergy/eczema-experiences\" class=\"slide\" id=\"slide-3\" style=\"background-image: url(&quot;images/home/home-feature/skin-allergy-4_cropped.jpg&quot;);\" title=\"Eczema Experiences\" rel=\"NoFollow\" onclick=\"_gaq.push(['_trackEvent','Homepage Interaction','Slide-3','skin-allergy/eczema-experiences']);\">\n\t\t\t\t\t\t<span class=\"text\">\n\t\t\t\t\t\t\t<span class=\"desc\">We would love to hear about your experiences with eczema and how it affects your life. Share your story with us.</span>\n\t\t\t\t\t\t\t<span class=\"arrow\"></span>\n\t\t\t\t\t\t</span>\n\t\t\t\t\t</a>\n\t\t\t<a href=\"http://www.allergyuk.org/sign-up-for-food-alerts/sign-up-for-food-alerts\" class=\"slide\" id=\"slide-4\" style=\"background-image: url(&quot;images/home/home-feature/tablet---alert_cropped.jpg&quot;);\" title=\"Allergy Alerts\" rel=\"NoFollow\" onclick=\"_gaq.push(['_trackEvent','Homepage Interaction','Slide-4','http://www.allergyuk.org/sign-up-for-food-alerts/sign-up-for-food-alerts']);\">\n\t\t\t\t\t\t<span class=\"text\">\n\t\t\t\t\t\t\t<span class=\"title\">Allergy Alerts</span><span class=\"desc\">Sign up to receive our Allergy Alerts by email</span>\n\t\t\t\t\t\t\t<span class=\"arrow\"></span>\n\t\t\t\t\t\t</span>\n\t\t\t\t\t</a>\n\t\t\t<a href=\"fundraising/fundraising-menu\" class=\"slide\" id=\"slide-5\" style=\"background-image: url(&quot;images/home/home-feature/feet-of-runners_cropped.jpg&quot;);\" title=\"Fundraise for us!\" rel=\"NoFollow\" onclick=\"_gaq.push(['_trackEvent','Homepage Interaction','Slide-5','fundraising/fundraising-menu']);\">\n\t\t\t\t\t\t<span class=\"text\">\n\t\t\t\t\t\t\t<span class=\"desc\">Find out how you can get involved in fundraising for Allergy UK!</span>\n\t\t\t\t\t\t\t<span class=\"arrow\"></span>\n\t\t\t\t\t\t</span>\n\t\t\t\t\t</a></div><ul id=\"slider-nav\" style=\"\"></ul><div class=\"right-corners\"></div><div class=\"clear\"></div></div>\n\t\t<div id=\"right-feature\" class=\"upscale\">\n\t\t\t<div class=\"top\"></div>\n\t\t\t<h2>Are You Allergy Aware? </h2>\n\t\t\t<div class=\"image\">\n\t\t\t\t<img src=\"images/allergy-aware-scheme/allergy-aware-website-image.jpg\" width=\"246\" height=\"94\">\n\t\t\t</div>\n\t\t\t<h3>Putting Peace of Mind on the Menu for Allergy Sufferers</h3>\n\t\t\t<div class=\"action\"><a href=\"allergy-aware-scheme/allergy-aware-scheme\" onclick=\"_gaq.push(['_trackEvent','Homepage Top Feature Button Click','allergy-aware-scheme/allergy-aware-scheme']);\"><span class=\"left\"></span><span class=\"mid\">Find out more</span><span class=\"right\"></span></a></div>\n\t\t\t<div class=\"news\">\n\t\t\t\t<div class=\"inner\">\n\t\t\t\t\t<h3></h3>\n\t\t\t\t\t\n\t\t\t\t</div>\n\t\t\t</div>\n\t\t</div>\n\t\t<div></div>\n\t\t<div id=\"feature-right-bottom\"></div>\n\t\t<div class=\"clear\"></div>\n\t</div>\n\t\n\t<h2 id=\"featured-item-header\">Featured items</h2>\n\t\n\t<div class=\"featured-items normal-buttons\"><div class=\"featured-item-row\">\n\t\t\t\t<div class=\"featured-item text-on-hover first\">\n\t\t\t\t\t<a href=\"https://www.surveymonkey.co.uk/r/6R6RFYL \" rel=\"NoFollow\" style=\"background-image: url(images/featured-items/survey_cropped.jpg);\" onclick=\"_gaq.push(['_trackEvent','Featured Item Clicked','/','https://www.surveymonkey.co.uk/r/6R6RFYL ']);\">\n\t\t\t\t\t\t<span class=\"details\">\n\t\t\t\t\t\t\tTake part in our survey and win 1 of 10 HayMax Organic Drug-Free Pollen Barrier balm triple packs\n\t\t\t\t\t\t\t\n\t\t\t\t\t\t</span>\n\t\t\t\t\t\t<span class=\"title\">How Does Your Hay Fever Affect You?</span>\n\t\t\t\t\t</a>\n\t\t\t\t</div>\n\t\t\t\n\t\t\t\t<div class=\"featured-item text-on-hover\">\n\t\t\t\t\t<a href=\"http://www.allergyshow.co.uk/go/AUK-web.\" rel=\"NoFollow\" style=\"background-image: url(images/corporate-partners/our-current-partners/Allergy-Show/cp-page-amys-kitchen-image_cropped.jpg);\" onclick=\"_gaq.push(['_trackEvent','Featured Item Clicked','/','http://www.allergyshow.co.uk/go/AUK-web.']);\">\n\t\t\t\t\t\t<span class=\"details\">\n\t\t\t\t\t\t\tFREE tickets to The Allergy &amp; Free From Show!\n\t\t\t\t\t\t\t<span class=\"more\">Download free tickets</span>\n\t\t\t\t\t\t</span>\n\t\t\t\t\t\t<span class=\"title\">FREE Tickets to the Allergy Show</span>\n\t\t\t\t\t</a>\n\t\t\t\t</div>\n\t\t\t\n\t\t\t\t<div class=\"featured-item text-on-hover\">\n\t\t\t\t\t<a href=\"/work-for-us/work-for-us\" rel=\"NoFollow\" style=\"background-image: url(images/featured-items/hiring_cropped.jpg);\" onclick=\"_gaq.push(['_trackEvent','Featured Item Clicked','/','/work-for-us/work-for-us']);\">\n\t\t\t\t\t\t<span class=\"details\">\n\t\t\t\t\t\t\tLook at our current vacancies and join our friendly team!\n\t\t\t\t\t\t\t<span class=\"more\">apply today</span>\n\t\t\t\t\t\t</span>\n\t\t\t\t\t\t<span class=\"title\">We're Recruiting</span>\n\t\t\t\t\t</a>\n\t\t\t\t</div>\n\t\t\t\n\t\t\t\t<div class=\"featured-item text-on-hover\">\n\t\t\t\t\t<a href=\"current-events/british-10k-run\" rel=\"NoFollow\" style=\"background-image: url(images/get-involved/current-events/b10k/british10k_cropped_cropped.png);\" onclick=\"_gaq.push(['_trackEvent','Featured Item Clicked','/','current-events/british-10k-run']);\">\n\t\t\t\t\t\t<span class=\"details\">\n\t\t\t\t\t\t\tFundraise for Allergy UK by taking part in the British 10K on Sunday 9th July 2017\n\t\t\t\t\t\t\t\n\t\t\t\t\t\t</span>\n\t\t\t\t\t\t<span class=\"title\">Run the 10K</span>\n\t\t\t\t\t</a>\n\t\t\t\t</div>\n\t\t\t<div class=\"clear\"></div><div class=\"top\"></div><div class=\"bottom\"></div></div></div>\n\t\n\t<div id=\"allergy-alerts-container\" style=\"display: inline;\"><div class=\"top\"></div><div class=\"bottom\"></div><div class=\"left\">Allergy Alerts:</div><div id=\"aa-mask\" class=\"mask\"><div class=\"tickercontainer\"><ul id=\"allergy-alerts\" style=\"width: 3729px; left: 525.71px;\"><li><a href=\"specific-food-alerts/milk-alerts/542-oriental-kitchen-chicken-chow-mein\">Tesco : Oriental Kitchen Chicken Chow Mein : Milk, Egg, Mustard &amp; Sesame</a></li><li><a href=\"specific-food-alerts/wheat-and-gluten-alerts/546-excellence-dark-extra-fine-shell-egg-and-lindor-strawberries--cream-shell-egg\">Lindt &amp; Sprungli Ltd : Chocolate Eggs (Various) : Barley (Gluten)</a></li><li><a href=\"specific-food-alerts/milk-alerts/552-dark-chocolate-easter-egg-with-a-personalised-iced-message\">Thorntons : Dark Chocolate Easter Egg with a Personalised Iced Message : Milk</a></li><li><a href=\"specific-food-alerts/egg-alerts/555-various-krunchi-products\">Krunchi Foods : Various Krunchi products : Milk, Egg, Mustard &amp; Sesame</a></li><li><a href=\"specific-food-alerts/wheat-and-gluten-alerts/558-samlip-fresh-udon-noodles\">Hoo Hing : Samlip Fresh Udon Noodles : Wheat</a></li><li><a href=\"specific-food-alerts/milk-alerts/559-white-rabbit-creamy-candy\">Interlink Direct : White Rabbit Creamy Candy : Milk</a></li><li><a href=\"specific-food-alerts/peanut-and-tree-nuts-alerts/560-kitkat-original-milk-chocolate-bites-pouch-bag\">Nestle recalls KITKAT bites due to undeclared nuts and peanuts</a></li><li class=\"last\"><a href=\"specific-food-alerts/wheat-and-gluten-alerts/561-various\">Fazal's : Various Products : Wheat (Gluten)</a></li><li class=\"continue\">...</li></ul></div></div></div>\n\t\n\t<div id=\"mid-section\">\n\t\t<div id=\"latest-news\">\n\t\t\t<h3><a href=\"news/latest-news\">Latest News<span>view all</span></a></h3>\n\t\t\t<div id=\"blog-headlines\">\n\n\t\t\t<div class=\"blog-headline\">\n\n\t\t\t\t<a href=\"news/latest-news/post/282-people-can-suppress-hay-fever-with-three-years-of-pollen-pills-or-injections\">\n\n\t\t\t\t\t<div class=\"image\"><img src=\"images/news-and-media/news/close-up-of-yeallow-weeds_cropped.jpg\" width=\"125\" height=\"70\"></div>\n\n\t\t\t\t\t<span class=\"text\">\n\n\t\t\t\t\t\t<span class=\"title\">People can 'suppress' hay fever with three years of pollen pills or injections</span>\n\n\t\t\t\t\t\t<span class=\"desc\"><p>Research from Imperial College London published in JAMA found immunotherapy treatment over a three year period was significantly better than that of only two years.</p></span>\n\n\t\t\t\t\t</span>\n\n\t\t\t\t\t<span class=\"clear\"></span>\n\n\t\t\t\t</a>\n\n\t\t\t</div>\n\n\t\t\n\n\t\t\t<div class=\"blog-headline\">\n\n\t\t\t\t<a href=\"news/latest-news/post/275-new-year-new-opportunities\">\n\n\t\t\t\t\t<div class=\"image\"><img src=\"images/news-and-media/news/80-2017-news-fundraising/tw-gaze_cropped.jpg\" width=\"125\" height=\"70\"></div>\n\n\t\t\t\t\t<span class=\"text\">\n\n\t\t\t\t\t\t<span class=\"title\">New Year, New Opportunities</span>\n\n\t\t\t\t\t\t<span class=\"desc\"><p>If you’ve set yourself a New Year’s resolution to keep fit, why not set yourself an incentive and help raise funds for Allergy UK? Have a read of what our fundraisers had to say about their experiences.</p></span>\n\n\t\t\t\t\t</span>\n\n\t\t\t\t\t<span class=\"clear\"></span>\n\n\t\t\t\t</a>\n\n\t\t\t</div>\n\n\t\t\n\n\t\t\t<div class=\"blog-headline\">\n\n\t\t\t\t<a href=\"news/latest-news/post/272-two-people-die-in-australia-due-to-thunderstorm-asthma\">\n\n\t\t\t\t\t<div class=\"image\"><img src=\"images/news-and-media/news-flash/thunderstorm-1338210_cropped.jpg\" width=\"125\" height=\"70\"></div>\n\n\t\t\t\t\t<span class=\"text\">\n\n\t\t\t\t\t\t<span class=\"title\">Two People Die in Australia Due to Thunderstorm Asthma</span>\n\n\t\t\t\t\t\t<span class=\"desc\"><p>Read the full story on the Telegraph website and find out more information about this misunderstood condition.</p></span>\n\n\t\t\t\t\t</span>\n\n\t\t\t\t\t<span class=\"clear\"></span>\n\n\t\t\t\t</a>\n\n\t\t\t</div>\n\n\t\t</div>\n\t\t</div>\n\t\t<div id=\"products-and-services\">\n\t\t\t<h3>Products and Services</h3>\n\t\t\t<div class=\"content\">\n\t\t\t\t<div class=\"content\">\n<p class=\"large-text\"><img src=\"images/home/soa-shopping-image-web-small.jpg\" alt=\"\" width=\"460\" height=\"180\">Allergy UK's Seal of Approval and&nbsp;Allergy Friendly Awards for Products&nbsp;and&nbsp;Services;&nbsp;look for products knowing&nbsp;they have been tested and approved by an internationally recognised organisation with very high standards, or&nbsp;reviewed by leading allergy specialists.</p>\n<p style=\"text-align: right;\"><a class=\"orange-link-arrow\" href=\"products-and-services/listing\">find out more</a></p>\n</div>\n\t\t\t</div>\n\t\t</div>\n\t</div>\n\t\n\t<div id=\"email-clipboard\" class=\"upscale\">\n    \t<h3 class=\"responsive-show\">E-newsletter Signup</h3>\n\t\t<p>Get all the latest news from us, straight to your inbox. Just fill in your details below:</p>\n\t\t<form method=\"post\" action=\"e-newsletter/e-newsletter\">\n\t\t\t<input name=\"name\" type=\"text\" class=\"text-field name-form-field\" value=\"Enter your name\">\n\t\t\t<input name=\"email\" type=\"text\" class=\"text-field email-form-field\" value=\"Enter your email\">\n\t\t\t<input type=\"image\" class=\"submit-btn\" src=\"templates/default/images/email-clipboard-submit-button.png\">\n\t\t\t<input type=\"hidden\" value=\"home\" name=\"loc\">\n\t\t</form>\n\t</div>\n\t<div id=\"blog\">\n\t\t<h3><a href=\"blog/blog\">News Flash</a></h3>\n\t\t<div id=\"blog-headlines\">\n\n\t\t\t<div class=\"blog-headline bh-no-image\">\n\n\t\t\t\t<a href=\"blog/blog/post/266-mhra-recommend-change-in-legislation-for-aais-in-schools\">\n\n\t\t\t\t\t\n\n\t\t\t\t\t<span class=\"text\">\n\n\t\t\t\t\t\t<span class=\"title\">MHRA recommend change in legislation for AAIs in schools (Update)</span>\n\n\t\t\t\t\t\t<span class=\"desc\"><p>The MHRA has recommended that legislation should be changed to allow schools to hold one or more AAI device in case of emergency</p></span>\n\n\t\t\t\t\t</span>\n\n\t\t\t\t\t<span class=\"clear\"></span>\n\n\t\t\t\t</a>\n\n\t\t\t</div>\n\n\t\t\n\n\t\t\t<div class=\"blog-headline bh-no-image\">\n\n\t\t\t\t<a href=\"blog/blog/post/287-epipena-precautionary-voluntary-recall---update\">\n\n\t\t\t\t\t\n\n\t\t\t\t\t<span class=\"text\">\n\n\t\t\t\t\t\t<span class=\"title\">EpiPen® precautionary voluntary recall - Update</span>\n\n\t\t\t\t\t\t<span class=\"desc\"><p>Here is the latest update we have received from MEDA regarding the EpiPen recall</p>\n<p>&nbsp;</p></span>\n\n\t\t\t\t\t</span>\n\n\t\t\t\t\t<span class=\"clear\"></span>\n\n\t\t\t\t</a>\n\n\t\t\t</div>\n\n\t\t</div>\n\t\t<div class=\"more\"><a class=\"blue-link-arrow\" href=\"blog/blog\">read the latest</a></div>\n\t</div>\n\t\n\t\t<div id=\"forum\">\n\t\t\t<h3><a target=\"_blank\" href=\"http://forum.allergyuk.org/\">Forum</a></h3>\n\t\t<div class=\"forum-thread left\">\n\t\t\t<a target=\"_blank\" href=\"http://forum.allergyuk.org/viewtopic.php?t=13903\">\n\t\t\t\t<span class=\"title\">years of suffering</span>\n\t\t\t\t<span class=\"info\">Last Post: 21/4/2017, 4 Replies</span>\n\t\t\t</a>\n\t\t</div>\n\t\t<div class=\"forum-thread right\">\n\t\t\t<a target=\"_blank\" href=\"http://forum.allergyuk.org/viewtopic.php?t=14020\">\n\t\t\t\t<span class=\"title\">Am I having a reaction?</span>\n\t\t\t\t<span class=\"info\">Last Post: 21/4/2017, 1 Reply</span>\n\t\t\t</a>\n\t\t</div><div class=\"forum-divider\"></div>\n\t\t<div class=\"forum-thread left\">\n\t\t\t<a target=\"_blank\" href=\"http://forum.allergyuk.org/viewtopic.php?t=5218\">\n\t\t\t\t<span class=\"title\">Carpet cleaning business in Aberdeen</span>\n\t\t\t\t<span class=\"info\">Last Post: 20/4/2017, 5 Replies</span>\n\t\t\t</a>\n\t\t</div>\n\t\t<div class=\"forum-thread right\">\n\t\t\t<a target=\"_blank\" href=\"http://forum.allergyuk.org/viewtopic.php?t=6345\">\n\t\t\t\t<span class=\"title\">Can anyone recommend a Fabric Softener ???</span>\n\t\t\t\t<span class=\"info\">Last Post: 20/4/2017, 5 Replies</span>\n\t\t\t</a>\n\t\t</div><div class=\"forum-divider\"></div>\n\t\t<div class=\"forum-thread left\">\n\t\t\t<a target=\"_blank\" href=\"http://forum.allergyuk.org/viewtopic.php?t=12223\">\n\t\t\t\t<span class=\"title\">Wheat allergy?</span>\n\t\t\t\t<span class=\"info\">Last Post: 20/4/2017, 5 Replies</span>\n\t\t\t</a>\n\t\t</div>\n\t\t<div class=\"forum-thread right\">\n\t\t\t<a target=\"_blank\" href=\"http://forum.allergyuk.org/viewtopic.php?t=13905\">\n\t\t\t\t<span class=\"title\">Exercise / allergy induced anaphylaxis</span>\n\t\t\t\t<span class=\"info\">Last Post: 19/4/2017, 1 Reply</span>\n\t\t\t</a>\n\t\t</div><div class=\"forum-divider\"></div><div class=\"more\"><a class=\"purple-link-arrow\" target=\"_blank\" href=\"http://forum.allergyuk.org/\">View the forum</a></div>\n\t\t</div>\n\t\n\t<div class=\"clear\"></div>\n</div>\n\t</div>\n\n\t<div id=\"body-bottom\"></div>\n\n\t<div id=\"footer\">\n\n\t\t<div class=\"top\"></div>\n\n\t\t<div id=\"footer-scrap\">\n\n\t\t\t<a href=\"products-and-services/listing\">Look out for our Seal of Approval</a>\n\n\t\t</div>\n\n\t\t<div class=\"inner\">\n\n\t\t\t<h3><a id=\"sitemap-toggle\" href=\"#\">Sitemap</a></h3>\n\n\t\t\t<div id=\"sitemap\">\n\n\t\t\t<!-- START MENU --><ul class=\"small-print\">\n<li><strong><a title=\"About Allergy UK\" href=\"about-allergy-uk/about-allergy-uk\">About Allergy UK&nbsp;</a></strong></li>\n<li><a title=\"The Aims of Allergy UK\" href=\"about-allergy-uk/the-aims-of-allergy-uk\">The Aims of Allergy UK</a></li>\n<li><a title=\"How we Help\" href=\"about-allergy-uk/how-we-help\">How we Help</a></li>\n<li><a title=\"Meet the Trustees\" href=\"about-allergy-uk/meet-the-trustees\">Meet the Trustees</a></li>\n<li><a title=\"Health Advisory Board\" href=\"about-allergy-uk/our-health-advisory-board\">Allergy UK's Health Advisory Board</a></li>\n<li><a title=\"Contact us\" href=\"contact-us/contact-us\">Contact Us</a></li>\n<li><hr></li>\n<li><strong><a title=\"News &amp; Media\" href=\"news-and-media-menu/news-and-media\">News &amp; Media</a></strong></li>\n<li><a class=\"menu-first\" href=\"contact-the-press-office/contact-the-press-office\">Contact the Press Office</a></li>\n<li><a href=\"news/latest-news\">News</a></li>\n<li><a href=\"media-faqs/media-faqs\">Media FAQs</a></li>\n<li><a href=\"allergy-statistics/allergy-statistics\">Allergy Statistics</a></li>\n<li><a href=\"audio-and-video-clips/audio-and-video-clips\">Audio and Video Clips</a></li>\n<li><a href=\"focus/focus\">Focus Magazine</a></li>\n<li><a href=\"e-newsletter/e-newsletter\">E-Newsletter</a></li>\n<li><a href=\"awareness-weeks/awareness-weeks\">Awareness Weeks</a></li>\n<li><a href=\"case-studies/case-studies\">Case Studies</a></li>\n<li><a href=\"blog/blog\">Blog</a></li>\n<li><hr></li>\n<li><strong><a title=\"Intolerance &amp; Sensitivity\" href=\"intolerance-and-sensitivity-menu/intolerance-and-sensitivity\">Intolerance &amp; Sensitivity</a></strong></li>\n<li><strong><a title=\"Food Intolerance\" href=\"food-intolerance/food-intolerance\">Food Intolerance</a></strong></li>\n<li><a class=\"menu-first\" href=\"food-intolerance/what-is-food-intolerance\">What is Food Intolerance?</a></li>\n<li><a href=\"food-intolerance/allergy-or-intolerance\">Allergy or Intolerance</a></li>\n<li><a href=\"food-intolerance/not-all-in-the-mind\">Not All in the Mind</a></li>\n<li><a href=\"food-intolerance/symptoms\">Symptoms</a>&nbsp;</li>\n<li><a href=\"food-intolerance/identifying-your-food-intolerances\">Identifying your Food Intolerances</a><br>&nbsp;</li>\n<li><strong><a title=\"Common Food Intolerances\" href=\"common-food-intolerances/common-food-intolerances\">Common Food Intolerances</a></strong></li>\n<li><a class=\"menu-first\" href=\"common-food-intolerances/lactose-intolerance\">Dairy Intolerance</a></li>\n<li><a title=\"Information on Lactose Intolerance\" href=\"common-food-intolerances/dairy-intolerance\">Lactose Intolerance</a></li>\n<li><a href=\"common-food-intolerances/wheat-and-gluten-intolerance\">Wheat and Gluten Intolerance</a></li>\n<li><a href=\"common-food-intolerances/yeast-intolerance\">Yeast Intolerance</a></li>\n<li><a href=\"common-food-intolerances/alcohol-intolerance\">Alcohol Intolerance</a></li>\n<li><a href=\"common-food-intolerances/histamine-intolerance\">Histamine Intolerance</a>&nbsp;</li>\n<li><a title=\"Irritable Bowel Syndrome\" href=\"irritable-bowel-syndrome/irritable-bowel-syndrome\">Irritable Bowel Syndrome</a></li>\n<li><a title=\"Migraine\" href=\"migraine/migraine\">Migraine</a><br>&nbsp;</li>\n<li><strong><a title=\"Getting Help with Food Intolerance\" href=\"getting-help-with-food-intolerance/getting-help-with-food-intolerance\">Getting Help with Food Intolerance</a></strong></li>\n<li><a class=\"menu-first\" href=\"getting-help-with-food-intolerance/what-can-i-do\">What can I do?</a></li>\n<li><a href=\"getting-help-with-food-intolerance/living-with-intolerance\">Living with Intolerance</a></li>\n<li><a href=\"resources/resources\">Other Resources</a><br>&nbsp;<hr></li>\n<li><strong><a title=\"Get Involved\" href=\"get-involved/get-involved\">Get Involved</a></strong></li>\n<li><strong><a title=\"Fundraising\" href=\"fundraising/fundraising-menu\">Fundraising</a></strong></li>\n<li><a class=\"menu-first\" href=\"current-events/current-events\">Current Events</a></li>\n<li><a href=\"meet-our-fundraisers/meet-our-fundraisers\">Meet Our Fundraisers</a></li>\n<li><a href=\"fundraising-groups/fundraising-groups\">Fundraising Groups</a></li>\n<li><a href=\"ideas-for-fundraising/ideas-for-fundraising\">Ideas for Fundraising</a></li>\n<li><a href=\"fundraising-pack/fundraising-pack\">Request a Fundraising Pack</a><br>&nbsp;</li>\n<li><strong><a title=\"Other Ways to Help\" href=\"other-ways-to-help/other-ways-to-help\">Other Ways to Help</a></strong></li>\n<li><a class=\"menu-first\" href=\"other-ways-to-help/give-a-car\">Give a Car</a></li>\n<li><a href=\"other-ways-to-help/give-as-you-live\">Give as You Live</a></li>\n<li><strong><a title=\"Donate to Allergy UK\" href=\"donate-to-us/donate-to-us\">Donate to Allergy UK</a></strong></li>\n<li><a href=\"donate-to-us/direct-debit\">Monthly Donation by Direct Debit</a></li>\n<li><a class=\"menu-first\" href=\"donate-to-us/single-donation\">Single Donation</a></li>\n<li><a href=\"donate-to-us/payroll-giving\">Payroll Giving</a></li>\n<li><a href=\"donate-to-us/legacies-and-wills\">Legacies / Wills</a></li>\n<li><a href=\"donate-to-us/in-memory-hosted-on-just-giving\">In Memory</a><br>&nbsp;</li>\n<li><strong><a title=\"Be a volunteer with Allergy UK\" href=\"volunteer-with-allergy-uk/volunteer-with-allergy-uk\">Be a volunteer with Allergy UK</a></strong></li>\n<li><a class=\"menu-first\" href=\"volunteer-with-allergy-uk/administrative-support\">Administrative Support</a></li>\n<li><a href=\"volunteer-with-allergy-uk/allergy-uk-ambassadors\">Allergy UK Champions</a></li>\n<li><a href=\"volunteer-with-allergy-uk/fundraising\">Fundraising</a></li>\n</ul><ul class=\"small-print\">\n<li><strong><a title=\"About Allergy\" href=\"about-allergy\">About Allergy</a></strong></li>\n<li><a title=\"What is an Allergy\" href=\"what-is-an-allergy/what-is-an-allergy\">What is an Allergy?</a></li>\n<li><a title=\"What is causing your Allergy ?\" href=\"what-is-causing-your-allergy/what-is-causing-your-allergy\">What is causing your Allergy ?</a></li>\n<li><a title=\"Why is Allergy Increasing?\" href=\"why-is-allergy-increasing/why-is-allergy-increasing\">Why is Allergy Increasing?</a><br>&nbsp;</li>\n<li><strong><a href=\"diagnosis--testing-of-allergy/diagnosis-and-testing-of-allergy\">Diagnosis &amp; Testing of Allergy</a></strong></li>\n<li><a class=\"menu-first\" href=\"diagnosis--testing-of-allergy/diagnosis-and-testing\">Diagnosis and Testing</a></li>\n<li><a href=\"diagnosis--testing-of-allergy/skin-testing\">Skin Prick Testing</a></li>\n<li><a href=\"diagnosis--testing-of-allergy/blood-tests\">Blood Tests</a></li>\n<li><a href=\"diagnosis--testing-of-allergy/patch-testing\">Patch Testing</a></li>\n<li><a href=\"diagnosis--testing-of-allergy/allergy-challenge\">Allergy Challenge</a></li>\n<li><a href=\"diagnosis--testing-of-allergy/non-conventional-tests\">Non-Conventional Tests</a><br>&nbsp;</li>\n<li><strong><a href=\"the-management-of-allergy/the-management-of-allergy\">The Management of Allergy</a></strong></li>\n<li><a class=\"menu-first\" href=\"the-management-of-allergy/management-of-allergies\">Management of Allergies</a></li>\n<li><a href=\"the-management-of-allergy/allergy-medications\">Allergy Medications</a></li>\n<li><a href=\"the-management-of-allergy/allergen-avoidance\">Allergen Avoidance</a></li>\n<li><a href=\"the-management-of-allergy/immunotherapy\">Immunotherapy</a></li>\n<li><a href=\"the-management-of-allergy/complementary-and-alternative-therapies\">Complementary and Alternative Therapies</a><br>&nbsp;</li>\n<li><strong><a title=\"Allergies in the Home\" href=\"allergies-in-the-home/allergies-in-the-home\">Allergies in the Home</a></strong></li>\n<li><a class=\"menu-first\" href=\"allergies-in-the-home/childs-bedroom\">Child's Bedroom</a></li>\n<li><a href=\"allergies-in-the-home/bedroom\">Bedroom</a></li>\n<li><a href=\"allergies-in-the-home/bathroom\">Bathroom</a></li>\n<li><a href=\"allergies-in-the-home/kitchen\">Kitchen</a></li>\n<li><a href=\"allergies-in-the-home/lounge\">Lounge</a></li>\n<li><a href=\"allergies-in-the-home/garage\">Garage</a></li>\n<li><a href=\"allergies-in-the-home/garden\">Garden</a><br>&nbsp;</li>\n<li><strong><a title=\"Getting Help\" href=\"getting-help/getting-help\">Getting Help</a></strong></li>\n<li><a class=\"menu-first\" href=\"getting-help/where-to-start\">Where to Start</a></li>\n<li><a href=\"getting-help/nhs-allergy-services\">NHS Allergy Services</a></li>\n<li><a href=\"getting-help/allergy-uk-helpline\">Allergy UK Helpline</a></li>\n<li><a href=\"getting-help/support-contact-network\">Support Contact Network</a></li>\n<li><a href=\"getting-help/translation-cards\">Translation Cards</a></li>\n<li><a href=\"resources/resources\">Other Resources</a></li>\n<li><a title=\"Allergy Alerts\" href=\"specific-food-alerts/specific-food-alerts\">Allergy Alerts</a></li>\n<li><a title=\"Allergy Uk's Forum\" href=\"http://forum.allergyuk.org/\">Allergy UK's Forum</a></li>\n<li><a title=\"Glossary of Terms\" href=\"glossary/glossary\">Glossary of terms</a></li>\n<li><hr></li>\n<li><strong><a href=\"specific-food-alerts/specific-food-alerts\">Specific Food Alerts</a></strong></li>\n<li><a href=\"specific-food-alerts/celery-alerts\">Celery Alerts</a></li>\n<li><a href=\"specific-food-alerts/egg-alerts\">Egg Alerts</a></li>\n<li><a href=\"specific-food-alerts/fish-and-seafood-alerts\">Fish / Seafood Alerts</a></li>\n<li><a href=\"specific-food-alerts/milk-alerts\">Milk Alerts</a></li>\n<li><a href=\"specific-food-alerts/mustard-alerts\">Mustard Alerts</a></li>\n<li><a href=\"specific-food-alerts/peanut-and-tree-nuts-alerts\">Peanut &amp; Tree Nuts Alerts</a></li>\n<li><a href=\"specific-food-alerts/sesame-alerts\">Sesame Alerts</a></li>\n<li><a href=\"specific-food-alerts/soya-and-soy-alerts\">Soya (Soy) Alerts</a></li>\n<li><a href=\"specific-food-alerts/sulphite-alerts\">Sulphite Alerts</a></li>\n<li><a href=\"specific-food-alerts/wheat-and-gluten-alerts\">Wheat / Gluten Alerts</a><br>&nbsp;</li>\n<li><a href=\"sign-up-for-food-alerts/sign-up-for-food-alerts\">Sign up for Food Alerts by email</a></li>\n<li><hr></li>\n<li><a title=\"Products &amp; Services\" href=\"products-and-services/listing\"><strong>Products &amp; Services</strong></a></li>\n<li><a class=\"menu-first\" href=\"products-and-services/listing\">Product &amp; Services Listings</a></li>\n<li><a href=\"seal-of-approval/seal-of-approval\">Seal of Approval</a></li>\n<li><a href=\"allergy-friendly-products/allergy-friendly-products\">Allergy Friendly Products</a><br>&nbsp;</li>\n<li><strong><a href=\"information-for-manufacturers/information-for-manufacturers\">Information for Manufacturers</a></strong></li>\n<li><a class=\"menu-first\" href=\"information-for-manufacturers/working-with-allergy-uk\">Working with Allergy UK</a></li>\n<li><a href=\"information-for-manufacturers/how-to-apply\">How to Apply</a></li>\n<li><a href=\"information-for-manufacturers/seal-of-approval-faqs\">Seal of Approval FAQs</a></li>\n<li><a href=\"information-for-manufacturers/allergy-friendly-product-faqs\">Allergy Friendly Product FAQs</a></li>\n<li><hr></li>\n<li><strong><a href=\"corporate-partners/corporate-partners\">Corporate Partners</a></strong></li>\n<li><a href=\"opportunities-and-benefits/opportunities-and-benefits\">Opportunities &amp; Benefits</a></li>\n<li><a href=\"our-current-partners/our-current-partners\">Our Current Partners</a></li>\n</ul><ul class=\"small-print\">\n<li><strong><a title=\"Types of Allergy\" href=\"types-of-allergy-menu/types-of-allergy\">Types of Allergy</a>&nbsp;</strong></li>\n<li><strong><a title=\"Severe Allergy &amp; Anaphylaxis\" href=\"severe-allergy-and-anaphylaxis/severe-allergy-and-anaphylaxis\">Severe Allergy &amp; Anaphylaxis</a></strong></li>\n<li><a class=\"menu-first\" href=\"severe-allergy-and-anaphylaxis/anaphylaxis\">Anaphylaxis and Severe Allergic Reactions</a></li>\n<li><a href=\"severe-allergy-and-anaphylaxis/adrenaline-auto-injectors\">Adrenaline Auto-Injectors</a></li>\n<li><a href=\"severe-allergy-and-anaphylaxis/first-aid-for-anaphylaxis\">First Aid for Anaphylaxis</a><br>&nbsp;</li>\n<li><strong><a title=\"Respiratory Allergy\" href=\"respiratory-allergy/respiratory-allergy-menu\">Respiratory Allergy</a></strong></li>\n<li><a class=\"menu-first\" href=\"respiratory-allergies/respiratory-allergies\">Respiratory Allergies</a></li>\n<li><a href=\"hayfever-and-allergic-rhinitis/hayfever-and-allergic-rhinitis\">Hayfever and Allergic Rhinitis</a></li>\n<li><a href=\"allergy-to-domestic-pets/allergy-to-domestic-pets\">Allergy to Domestic Pets</a></li>\n<li><a href=\"allergic-eye-disease/allergic-eye-disease\">Allergic Eye Disease</a></li>\n<li><a href=\"asthma/asthma\">Asthma</a></li>\n<li><a href=\"sulphites-and-airway-symptoms/sulphites-and-airway-symptoms\">Sulphites and Airway Symptoms</a><br>&nbsp;</li>\n<li><strong><a href=\"avoiding-respiratory-allergens/avoiding-respiratory-allergens\">Avoiding Respiratory Allergens</a></strong></li>\n<li><a class=\"menu-first\" href=\"avoiding-respiratory-allergens/general-avoidance-advice\">General Avoidance Advice</a></li>\n<li><a href=\"avoiding-respiratory-allergens/house-dust-mite\">House Dust Mite</a></li>\n<li><a href=\"avoiding-respiratory-allergens/domestic-pets-avoidance\">Domestic Pets Avoidance</a></li>\n<li><a href=\"avoiding-respiratory-allergens/pollen-avoidance\">Pollen Avoidance</a></li>\n<li><a href=\"avoiding-respiratory-allergens/mould-allergy-advice\">Mould Allergy Advice</a></li>\n<li><a href=\"avoiding-respiratory-allergens/pollens-and-moulds-in-the-garden\">Pollens and Moulds in the Garden</a><br>&nbsp;</li>\n<li><strong><a title=\"Food Allergy\" href=\"food-allergy/food-allergy-menu\">Food Allergy</a></strong></li>\n<li><a class=\"menu-first\" href=\"what-is-food-allergy/what-is-food-allergy\">What is Food Allergy?</a></li>\n<li><a href=\"food-allergy-or-food-intolerance/food-allergy-or-food-intolerance\">Food Allergy or Food Intolerance?</a></li>\n<li><a href=\"milk-allergy/milk-allergy\">Milk Allergy</a></li>\n<li><a href=\"egg-allergy/egg-allergy\">Egg Allergy</a></li>\n<li><a href=\"soya-and-soy-allergy/soya-soy-allergy\">Soya (Soy) Allergy</a></li>\n<li><a href=\"fish-and-seafood-allergy/fish-and-seafood-allergy\">Fish / Seafood Allergy</a></li>\n<li><a href=\"peanut-and-tree-nut-allergy/peanut-and-tree-nut-allergy\">Peanut and Tree Nut Allergy</a></li>\n<li><a href=\"sesame-and-other-seeds/sesame-and-other-seeds\">Sesame and Other Seeds</a></li>\n<li><a href=\"allergy-to-wheat-and-other-grains/allergy-to-wheat-and-other-grains\">Allergy to Wheat and Other Grains</a></li>\n<li><a href=\"allergy-to-fruit-and-vegetables/allergy-to-fruit-and-vegetables\">Allergy to Fruit and Vegetables</a></li>\n<li><a href=\"oral-allergy-syndrome/oral-allergy-syndrome\">Oral Allergy Syndrome</a></li>\n<li><a href=\"alcohol-allergy/reactions-to-alcohol\">Alcohol Allergy</a></li>\n<li><a title=\"Rubber Latex Allergy\" href=\"rubber-latex-allergy/rubber-latex-allergy\">Rubber Latex Allergy</a></li>\n<li><a title=\"Wasp &amp; Bee Sting Allergy\" href=\"allergy-to-wasp-and-bee-stings/allergy-to-wasp-and-bee-stings\">Allergy to Wasp &amp; Bee Sting</a><br>&nbsp;</li>\n<li><strong><a href=\"general-avoidance/general-avoidance\">General Avoidance</a></strong></li>\n<li><a class=\"menu-first\" href=\"general-avoidance/living-with-food-allergy\">Living with Food Allergy</a></li>\n<li><a href=\"general-avoidance/shopping-and-cooking-for-a-restricted-diet\">Shopping and Cooking for a Restricted Diet</a></li>\n<li><a href=\"general-avoidance/travelling-abroad-with-a-food-allergy\">Travelling Abroad with a Food Allergy</a></li>\n<li><a href=\"general-avoidance/catering-guide-to-severe-food-allergies\">Catering Guide to Severe Food Allergies</a><br>&nbsp;</li>\n<li><strong><a title=\"Skin Allergy\" href=\"skin-allergy/skin-allergy\">Skin Allergy</a></strong></li>\n<li><a class=\"menu-first\" href=\"skin-allergy/atopic-eczema\">Atopic Eczema</a></li>\n<li><a href=\"skin-allergy/allergy-to-cosmetics\">Allergy to Cosmetics</a></li>\n<li><a href=\"skin-allergy/reactions-to-hair-dye\">Reactions to Hair Dye</a></li>\n<li><a href=\"skin-allergy/nickel-allergy\">Nickel Allergy</a></li>\n<li><a href=\"skin-allergy/balsam-of-peru\">Balsam of Peru</a></li>\n<li><a href=\"skin-allergy/sun-sensitivity\">Sun Sensitivity</a></li>\n<li><a href=\"skin-allergy/urticaria-and-angiodema\">Urticaria and Angioedema</a><br>&nbsp;</li>\n<li><strong><a title=\"Drug Allergy\" href=\"drug-allergy/drug-allergy\">Drug Allergy</a></strong></li>\n<li><a class=\"menu-first\" href=\"drug-allergy/adverse-reactions-to-medicines\">Adverse Reactions to Medicines</a></li>\n<li><a href=\"drug-allergy/aspirin-intolerance-and-salicylates\">Aspirin Intolerance and Salicylates</a>&nbsp;<hr></li>\n<li><strong><a href=\"resources/resources\">Resources</a></strong></li>\n<li><a class=\"menu-first\" href=\"allergy-videos/allergy-videos\">Allergy Videos</a></li>\n<li><a href=\"allergy-reports/allergy-reports\">Allergy Reports</a></li>\n<li><a href=\"allergy-booklets--leaflets/allergy-booklets--leaflets--1\">Allergy Booklets &amp; Leaflets</a></li>\n<li><a href=\"allergy-books/allergy-books\">Allergy Books</a></li>\n<li><a href=\"food-intolerance-books/food-intolerance-books\">Food Intolerance Books</a></li>\n<li><a href=\"useful-organisations/useful-organisations\">Useful Organisations</a></li>\n<li><a href=\"http://forum.allergyuk.org\" target=\"_blank\">Allergy Forum</a></li>\n</ul><ul class=\"small-print\">\n<li><strong><a class=\"menu-first\" href=\"allergy-in-children/allergy-in-children\">Allergy in Children</a></strong></li>\n<li><a class=\"menu-first\" href=\"allergy-in-children/childhood-allergy---an-introduction\">Childhood Allergy - An Introduction</a></li>\n<li><a href=\"allergy-in-children/spotting-symptoms-in-a-child\">Spotting Symptoms In A Child</a></li>\n<li><a href=\"allergy-in-children/diagnosis-of-allergies-in-children\">Diagnosis of Allergies in Children</a></li>\n<li><a href=\"allergy-in-children/symptoms-diary\">Symptoms Diary</a></li>\n<li><a href=\"allergy-in-children/getting-the-most-from-your-appointment\">Getting the Most From Your Appointment</a></li>\n<li><a href=\"allergy-in-children/the-allergy-team\">The Allergy Team</a></li>\n<li><a href=\"allergy-in-children/treatment-strategies\">Treatment Strategies</a></li>\n<li><a href=\"allergy-in-children/finding-support\">Finding Support</a></li>\n<li><a href=\"allergy-in-children/beyond-diagnosis-and-treatment\">Beyond Diagnosis and Treatment</a><br>&nbsp;</li>\n<li><strong><a href=\"causes-and-risks-of-allergy/causes-and-risks-of-allergy\">Causes and Risks of Allergy</a></strong></li>\n<li><a class=\"menu-first\" href=\"causes-and-risks-of-allergy/what-are-the-causes-and-risks\">What are the Causes And Risks</a></li>\n<li><a href=\"causes-and-risks-of-allergy/allergy--the-genetic-risk\">Allergy – The Genetic Risk</a></li>\n<li><a href=\"causes-and-risks-of-allergy/the-allergic-march\">The Allergic March</a></li>\n<li><a href=\"causes-and-risks-of-allergy/role-of-the-environment\">Role of the Environment</a></li>\n<li><a href=\"causes-and-risks-of-allergy/allergies-during-pregnancy\">Allergies During Pregnancy</a></li>\n<li><a href=\"causes-and-risks-of-allergy/allergies-and-the-unborn-child\">Allergies and the Unborn Child</a><br>&nbsp;</li>\n<li><strong><a href=\"child-allergy-types-of-allergy/types-of-allergy-menu\">Types of Allergy</a></strong></li>\n<li><a class=\"menu-first\" href=\"atopic-dermatitis-and-eczema-in-children/atopic-dermatitis-eczema-in-children\">Atopic Dermatitis and Eczema in Children</a></li>\n<li><a href=\"childhood-asthma/childhood-asthma\">Childhood Asthma</a></li>\n<li><a href=\"allergic-rhinitis-in-children/allergic-rhinitis-in-children\">Allergic Rhinitis in Children</a></li>\n<li><a href=\"child-allergy-types-of-allergy-oral-allergy-syndrome/oral-allergy-syndrome\">Oral Allergy Syndrome</a></li>\n<li><a href=\"latex-allergy/latex-allergy\">Latex Allergy</a></li>\n<li><a href=\"wasp-and-bee-stings/wasp-and-bee-stings\">Wasp and Bee Stings</a><br>&nbsp;</li>\n<li><strong><a href=\"childhood-food-allergy/childhood-food-allergy\">Childhood Food Allergy</a>&nbsp;</strong></li>\n<li><a class=\"menu-first\" href=\"childhood-food-allergy/food-allergy-in-babies-and-children\">Food Allergy in Babies and Children</a></li>\n<li><a href=\"childhood-food-allergy/food-allergy-treatments\">Food Allergy Treatments</a></li>\n<li><a href=\"childhood-food-allergy/essential-information-needs-about-food-allergy\">Essential Information Needs About Food Allergy</a></li>\n<li><a href=\"childhood-food-allergy/fpies\">FPIES</a></li>\n<li><a href=\"childhood-food-allergy/eosinophilic-oesophagitis\">Eosinophilic Oesophagitis</a></li>\n<li><a href=\"childhood-food-allergy/food-additives\">Food Additives</a></li>\n<li><a href=\"childhood-food-allergy/milk-mucous-and-cough\">Milk, Mucus and Cough</a></li>\n<li><a href=\"childhood-food-allergy/food-allergies-and-eczema\">Food Allergies and Eczema</a><br>&nbsp;</li>\n<li><strong><a href=\"advice-for-parents-with-a-new-baby/advice-for-parents-with-a-new-baby\">Advice for Parents with a New Baby</a></strong></li>\n<li><a class=\"menu-first\" href=\"advice-for-parents-with-a-new-baby/your-new-baby\">Your New Baby</a></li>\n<li><a href=\"advice-for-parents-with-a-new-baby/feeding\">Feeding</a></li>\n<li><a href=\"advice-for-parents-with-a-new-baby/is-my-child-allergic-to-cow-s-milk-protein\">Does My Child Have Cows' Milk Allergy?</a></li>\n<li><a href=\"advice-for-parents-with-a-new-baby/weaning-your-baby-on-to-solids\">Weaning Your Baby on to Solids</a></li>\n<li><a href=\"advice-for-parents-with-a-new-baby/immunisations\">Immunisations</a></li>\n<li><a href=\"advice-for-parents-with-a-new-baby/avoiding-triggers\">Avoiding Triggers</a><br>&nbsp;</li>\n<li><strong><a href=\"living-with-allergy/living-with-allergy\">Living with Allergy</a></strong></li>\n<li><a class=\"menu-first\" href=\"living-with-allergy/living-with-a-child-with-allergies\">Living with a Child with Allergies</a></li>\n<li><a href=\"living-with-allergy/is-it-more-stressful-for-an-allergic-child\">Is it more Stressful for an Allergic Child?</a></li>\n<li><a href=\"living-with-allergy/educating-your-child-about-allergy\">Educating your Child About Allergy</a></li>\n<li><a href=\"living-with-allergy/five-key-things-to-learn\">Five Key Things to Learn</a></li>\n<li><a href=\"living-with-allergy/independence\">Independence</a></li>\n<li><a href=\"living-with-allergy/family-and-friends\">Family &amp; Friends</a></li>\n<li><a href=\"living-with-allergy/childcare\">Childcare</a></li>\n<li><a href=\"living-with-allergy/starting-school\">Starting School</a></li>\n<li><a href=\"living-with-allergy/activity-clubs-parties-and-more\">Activity Clubs, Parties and More!</a></li>\n<li><a href=\"living-with-allergy/holidays\">Holidays</a></li>\n<li><a href=\"living-with-allergy/essential-points\">Essential Points</a><br>&nbsp;</li>\n<li><strong><a href=\"childcarers-and-teachers/advice-for-childcarers-and-teachers-menu\">Childcarers and Teachers</a></strong></li>\n<li><a class=\"menu-first\" href=\"childcarers-and-teachers/advice-for-childcarers-and-teachers\">Advice for Childcarers / Teachers</a></li>\n<li><a href=\"childcarers-and-teachers/being-allergy-aware\">Being Allergy Aware</a></li>\n<li><a href=\"childcarers-and-teachers/teaching-about-allergy\">Teaching About Allergy</a></li>\n<li><a href=\"childcarers-and-teachers/the-allergic-childs-environment\">The Allergic Child’s Environment</a></li>\n<li><a href=\"childcarers-and-teachers/allergy-protocols\">Allergy Protocols</a></li>\n</ul><!-- END MENU -->\n\t\t\t\t<div class=\"clear\"></div>\n\n\t\t\t</div>\n\n\t\t\t<div class=\"details\">\n\n\t\t\t\t<p>Allergy UK is the operational name of the British Allergy Foundation, a charitable company limited by guarantee and registered in England and Wales.</p>\n\n\t\t\t\t\n\n\t\t\t\t<p>Charity No: 1094231. Company No: 4509293.  Registered in Scotland - Charity No: SC039257.</p>\n\n\t\t\t</div>\n\n\t\t\t<div class=\"social\">\n\n\t\t\t\t<p>Find us...</p>\n\n\t\t\t\t<div class=\"facebook\"><a href=\"https://www.facebook.com/allergyuk\" target=\"_blank\">Find us on Facebook</a></div>\n\n\t\t\t\t<div class=\"twitter\"><a href=\"https://twitter.com/AllergyUk1\" target=\"_blank\">Follow us on Twitter</a></div>\n\n\t\t\t\t<div class=\"youtube\"><a href=\"https://www.youtube.com/user/allergyukcharity\" target=\"_blank\">Find us on YouTube</a></div>\n\n   \t\t\t\t<div class=\"pinterest\"><a href=\"https://pinterest.com/allergyuk/\" target=\"_blank\">View our online pinboard at Pinterest</a></div>\n\n\n\n\t\t\t</div>\n\n\t\t</div>\n\n\t\t<div class=\"bottom\"></div>\n\n\t</div>\n\n\t<div id=\"under-footer\">\n\n\t\t<div class=\"left\">\n\n\t\t\t<a href=\"terms-of-use/terms-of-use\" rel=\"NoFollow\">Terms of use</a> | <a href=\"privacy-policy/privacy-policy\" rel=\"NoFollow\">Privacy policy</a>\n\n\t\t</div>\n\n\t\t<div class=\"right\">\n\n\t\t\t<a href=\"http://www.adeptdigital.biz/\" target=\"_blank\" rel=\"NoFollow\">Designed and built by Adept</a>\n\n\t\t</div>\n\n\t\t<div class=\"clear\"></div>\n\n\t</div>\n\n</div>\n\n\n\n\t\n<!-- Twitter universal website tag code -->\n<script>\n!function(e,n,u,a){e.twq||(a=e.twq=function(){a.exe?a.exe.apply(a,arguments):\na.queue.push(arguments);},a.version='1',a.queue=[],t=n.createElement(u),\nt.async=!0,t.src='//static.ads-twitter.com/uwt.js',s=n.getElementsByTagName(u)[0],\ns.parentNode.insertBefore(t,s))}(window,document,'script');\n// Insert Twitter Pixel ID and Standard Event data below\ntwq('init','nv5mt');\ntwq('track','PageView');\n</script>\n<!-- End Twitter universal website tag code -->\n\n\n\n\n\n</body>"}
