{"link":"bathspa.ac.uk","html":"<!--<![endif]--><head>\n        <title>Home</title>\n      \n      <!-- Google Tag Manager -->\n<script async=\"\" src=\"https://www.google-analytics.com/analytics.js\"></script><script src=\"https://connect.facebook.net/signals/config/344068385977777?v=stable\" async=\"\"></script><script async=\"\" src=\"https://connect.facebook.net/en_US/fbevents.js\"></script><script async=\"\" src=\"https://www.googletagmanager.com/gtm.js?id=GTM-5GZ9\"></script><script>(function(w,d,s,l,i){w[l]=w[l]||[];w[l].push({'gtm.start':\nnew Date().getTime(),event:'gtm.js'});var f=d.getElementsByTagName(s)[0],\nj=d.createElement(s),dl=l!='dataLayer'?'&l='+l:'';j.async=true;j.src=\n'https://www.googletagmanager.com/gtm.js?id='+i+dl;f.parentNode.insertBefore(j,f);\n})(window,document,'script','dataLayer','GTM-5GZ9');</script>\n      <!-- End Google Tag Manager -->\n\n        <meta charset=\"UTF-8\">\n        <meta http-equiv=\"X-UA-Compatible\" content=\"ie=edge\">\n        <meta name=\"viewport\" content=\"width=device-width, initial-scale=1\">\n\n        <link rel=\"icon\" href=\"/media/bathspaacuk/sitewide/zlogos-and-site-images/theme/img/favicon.ico\" type=\"image/x-icon\">\n        <link rel=\"apple-touch-icon\" href=\"/media/bathspaacuk/sitewide/zlogos-and-site-images/theme/img/apple-touch-icon.png\">\n\n        <link rel=\"stylesheet\" type=\"text/css\" media=\"all\" href=\"/media/bathspaacuk/sitewide/zlogos-and-site-images/theme/css/app.css\">\n\n        <style type=\"text/css\">\n\n            @font-face {\n                font-family: 'Nexa';\n                src: url('/media/bathspaacuk/sitewide/zlogos-and-site-images/theme/fonts/nexa-regular-webfont.eot');\n                src: url('/media/bathspaacuk/sitewide/zlogos-and-site-images/theme/fonts/nexa-regular-webfont.eot?#iefix') format('embedded-opentype'),\n                    url('/media/bathspaacuk/sitewide/zlogos-and-site-images/theme/fonts/nexa-regular-webfont.woff2') format('woff2'),\n                    url('/media/bathspaacuk/sitewide/zlogos-and-site-images/theme/fonts/nexa-regular-webfont.woff') format('woff'),\n                    url('/media/bathspaacuk/sitewide/zlogos-and-site-images/theme/fonts/nexa-regular-webfont.ttf') format('truetype'),\n                    url('/media/bathspaacuk/sitewide/zlogos-and-site-images/theme/fonts/nexa-regular-webfont.svg#nexaregular') format('svg');\n                font-weight: 400;\n                font-style: normal;\n            }\n\n            @font-face {\n                font-family: 'Nexa';\n                src: url('/media/bathspaacuk/sitewide/zlogos-and-site-images/theme/fonts/nexa-bold-webfont.eot');\n                src: url('/media/bathspaacuk/sitewide/zlogos-and-site-images/theme/fonts/nexa-bold-webfont.eot?#iefix') format('embedded-opentype'),\n                     url('/media/bathspaacuk/sitewide/zlogos-and-site-images/theme/fonts/nexa-bold-webfont.woff2') format('woff2'),\n                     url('/media/bathspaacuk/sitewide/zlogos-and-site-images/theme/fonts/nexa-bold-webfont.woff') format('woff'),\n                     url('/media/bathspaacuk/sitewide/zlogos-and-site-images/theme/fonts/nexa-bold-webfont.ttf') format('truetype'),\n                     url('/media/bathspaacuk/sitewide/zlogos-and-site-images/theme/fonts/nexa-bold-webfont.svg#nexabold') format('svg');\n                font-weight: 700;\n                font-style: normal;\n            }\n\n            @font-face {\n                font-family: 'Nexa';\n                src: url('/media/bathspaacuk/sitewide/zlogos-and-site-images/theme/fonts/nexa-extrabold-webfont.eot');\n                src: url('/media/bathspaacuk/sitewide/zlogos-and-site-images/theme/fonts/nexa-extrabold-webfont.eot?#iefix') format('embedded-opentype'),\n                     url('/media/bathspaacuk/sitewide/zlogos-and-site-images/theme/fonts/nexa-extrabold-webfont.woff2') format('woff2'),\n                     url('/media/bathspaacuk/sitewide/zlogos-and-site-images/theme/fonts/nexa-extrabold-webfont.woff') format('woff'),\n                     url('/media/bathspaacuk/sitewide/zlogos-and-site-images/theme/fonts/nexa-extrabold-webfont.ttf') format('truetype'),\n                     url('/media/bathspaacuk/sitewide/zlogos-and-site-images/theme/fonts/nexa-extrabold-webfont.svg#nexaextrabold') format('svg');\n                font-weight: 800;\n                font-style: normal;\n            }\n\n            @font-face {\n                font-family: 'Nexa';\n                src: url('/media/bathspaacuk/sitewide/zlogos-and-site-images/theme/fonts/nexa-heavy-webfont.eot');\n                src: url('/media/bathspaacuk/sitewide/zlogos-and-site-images/theme/fonts/nexa-heavy-webfont.eot?#iefix') format('embedded-opentype'),\n                     url('/media/bathspaacuk/sitewide/zlogos-and-site-images/theme/fonts/nexa-heavy-webfont.woff2') format('woff2'),\n                     url('/media/bathspaacuk/sitewide/zlogos-and-site-images/theme/fonts/nexa-heavy-webfont.woff') format('woff'),\n                     url('/media/bathspaacuk/sitewide/zlogos-and-site-images/theme/fonts/nexa-heavy-webfont.ttf') format('truetype'),\n                     url('/media/bathspaacuk/sitewide/zlogos-and-site-images/theme/fonts/nexa-heavy-webfont.svg#nexaheavy') format('svg');\n                font-weight: 900;\n                font-style: normal;\n            }\n\n            @font-face {\n                font-family: 'Heuristica';\n                src: url('/media/bathspaacuk/sitewide/zlogos-and-site-images/theme/fonts/heuristica-regular-webfont.woff2') format('woff2'),\n                     url('/media/bathspaacuk/sitewide/zlogos-and-site-images/theme/fonts/heuristica-regular-webfont.woff') format('woff');\n                font-weight: 400;\n                font-style: normal;\n            }\n\n            @font-face {\n                font-family: 'Heuristica';\n                src: url('/media/bathspaacuk/sitewide/zlogos-and-site-images/theme/fonts/heuristica-italic-webfont.woff2') format('woff2'),\n                     url('/media/bathspaacuk/sitewide/zlogos-and-site-images/theme/fonts/heuristica-italic-webfont.woff') format('woff');\n                font-weight: 400;\n                font-style: italic;\n            }\n\n            @font-face {\n                font-family: 'Heuristica';\n                src: url('/media/bathspaacuk/sitewide/zlogos-and-site-images/theme/fonts/heuristica-bold-webfont.woff2') format('woff2'),\n                     url('/media/bathspaacuk/sitewide/zlogos-and-site-images/theme/fonts/heuristica-bold-webfont.woff') format('woff');\n                font-weight: 700;\n                font-style: normal;\n            }\n\n            @font-face {\n                font-family: 'Heuristica';\n                src: url('/media/bathspaacuk/sitewide/zlogos-and-site-images/theme/fonts/heuristica-bolditalic-webfont.woff2') format('woff2'),\n                     url('/media/bathspaacuk/sitewide/zlogos-and-site-images/theme/fonts/heuristica-bolditalic-webfont.woff') format('woff');\n                font-weight: 700;\n                font-style: italic;\n            }\n        </style>\n\n        <!--[if lt IE 9]>\n            <script type=\"text/javascript\" src=\"//ajax.googleapis.com/ajax/libs/jquery/1.11.3/jquery.min.js\"></script>\n            <script type=\"text/javascript\" src=\"/media/bathspaacuk/sitewide/zlogos-and-site-images/theme/js/ie8-plugins.min.js\"></script>\n        <![endif]-->\n    </head>\n\n    <body class=\"\">\n        <main>\n            <div class=\"inner\">\n                <header role=\"banner\" id=\"banner\">\n                    <a href=\"/\" class=\"logo\">\n                        <picture>\n                            <source type=\"image/svg+xml\" srcset=\"/media/bathspaacuk/sitewide/zlogos-and-site-images/theme/img/logo/logo.svg\">\n                            <img src=\"/media/bathspaacuk/sitewide/zlogos-and-site-images/theme/img/logo/logo.png\" srcset=\"/media/bathspaacuk/sitewide/zlogos-and-site-images/theme/img/logo/logo.png, /media/bathspaacuk/sitewide/zlogos-and-site-images/theme/img/logo/logo@2x.png 2x\" alt=\"Bath Spa University\">\n                        </picture>\n                    </a>\n                    <!-- END .logo -->\n\n                  <a id=\"nav-primary-toggle\" href=\"#nav-primary\"><span>Menu</span></a>\n<nav id=\"nav-primary\">\n    <div class=\"breadcrumbs\">\n        <ol>\n            <li><a href=\"#\">Main menu</a></li>\n        </ol>\n    </div>\n\n    <ul class=\"nav-primary-main\">\n        <li><a href=\"/be-bath-spa/\" class=\"has-subnav\"><span class=\"menu-item\">Be Bath Spa</span><em class=\"subnav-link\"></em></a>\n<ul class=\"multilevel-linkul-0\">\n<li><a href=\"/be-bath-spa/bespoke-courses/\" class=\"dom-end\"><span class=\"menu-item\">Bespoke Courses</span></a></li>\n<li><a href=\"/be-bath-spa/showcase/\" class=\"has-subnav\"><span class=\"menu-item\">Showcase</span><em class=\"subnav-link\"></em></a>\n<ul class=\"multilevel-linkul-1\">\n<li><a href=\"/be-bath-spa/showcase/creativity/\" class=\"dom-end\"><span class=\"menu-item\">Creativity</span></a></li>\n<li><a href=\"/be-bath-spa/showcase/culture/\" class=\"dom-end\"><span class=\"menu-item\">Culture</span></a></li>\n<li><a href=\"/be-bath-spa/showcase/enterprise/\" class=\"dom-end\"><span class=\"menu-item\">Enterprise</span></a></li>\n<li><a href=\"/be-bath-spa/showcase/bathspamakes/\" class=\"dom-end\"><span class=\"menu-item\">BathSpaMakes</span></a></li>\n\n</ul>\n\n</li>\n<li><a href=\"/be-bath-spa/why-bath-spa/\" class=\"has-subnav\"><span class=\"menu-item\">Why Bath Spa?</span><em class=\"subnav-link\"></em></a>\n<ul class=\"multilevel-linkul-1\">\n<li><a href=\"/about-us/green-focus/\" class=\"dom-end\"><span class=\"menu-item\">Green focus</span></a></li>\n<li><a href=\"/students/careers/\" class=\"dom-end\"><span class=\"menu-item\">Career prospects</span></a></li>\n<li><a href=\"/be-bath-spa/why-bath-spa/graduate-attributes/\" class=\"dom-end\"><span class=\"menu-item\">More than a qualification</span></a></li>\n<li><a href=\"/students/student-support/peer-mentors/\" class=\"dom-end\"><span class=\"menu-item\">Peer Mentors for first year students</span></a></li>\n\n</ul>\n\n</li>\n<li><a href=\"/be-bath-spa/campuses/\" class=\"has-subnav\"><span class=\"menu-item\">Campuses</span><em class=\"subnav-link\"></em></a>\n<ul class=\"multilevel-linkul-1\">\n<li><a href=\"/be-bath-spa/campuses/newton-park/\" class=\"dom-end\"><span class=\"menu-item\">Newton Park</span></a></li>\n<li><a href=\"/be-bath-spa/campuses/sion-hill/\" class=\"dom-end\"><span class=\"menu-item\">Sion Hill</span></a></li>\n<li><a href=\"/be-bath-spa/campuses/corsham-court/\" class=\"dom-end\"><span class=\"menu-item\">Corsham Court</span></a></li>\n<li><a href=\"/be-bath-spa/campuses/locksbrook-road/\" class=\"dom-end\"><span class=\"menu-item\">Locksbrook Road</span></a></li>\n\n</ul>\n\n</li>\n<li><a href=\"/be-bath-spa/facilities/\" class=\"has-subnav\"><span class=\"menu-item\">Facilities</span><em class=\"subnav-link\"></em></a>\n<ul class=\"multilevel-linkul-1\">\n<li><a href=\"/be-bath-spa/facilities/amphitheatre/\" class=\"dom-end\"><span class=\"menu-item\">Amphitheatre</span></a></li>\n<li><a href=\"/be-bath-spa/facilities/tv-studios/\" class=\"dom-end\"><span class=\"menu-item\">TV studios</span></a></li>\n<li><a href=\"/be-bath-spa/facilities/music-technology-facilities/\" class=\"dom-end\"><span class=\"menu-item\">Music technology facilities</span></a></li>\n<li><a href=\"/be-bath-spa/facilities/mediawall/\" class=\"dom-end\"><span class=\"menu-item\">MediaWall</span></a></li>\n<li><a href=\"/be-bath-spa/facilities/commons-building/\" class=\"dom-end\"><span class=\"menu-item\">Commons building</span></a></li>\n<li><a href=\"/be-bath-spa/facilities/university-theatre/\" class=\"dom-end\"><span class=\"menu-item\">University Theatre</span></a></li>\n<li><a href=\"/be-bath-spa/facilities/michael-tippett-centre/\" class=\"dom-end\"><span class=\"menu-item\">Michael Tippett Centre</span></a></li>\n<li><a href=\"/be-bath-spa/facilities/burdalls-yard/\" class=\"dom-end\"><span class=\"menu-item\">Burdall's Yard</span></a></li>\n<li><a href=\"/be-bath-spa/facilities/libraries/\" class=\"dom-end\"><span class=\"menu-item\">Libraries</span></a></li>\n<li><a href=\"/be-bath-spa/facilities/places-to-eat/\" class=\"dom-end\"><span class=\"menu-item\">Places to eat</span></a></li>\n<li><a href=\"/be-bath-spa/facilities/dance/\" class=\"dom-end\"><span class=\"menu-item\">Dance facilities</span></a></li>\n<li><a href=\"/be-bath-spa/facilities/biology-labs/\" class=\"dom-end\"><span class=\"menu-item\">Biology labs</span></a></li>\n<li><a href=\"/be-bath-spa/facilities/corsham-court-barn/\" class=\"dom-end\"><span class=\"menu-item\">Corsham Court barn</span></a></li>\n<li><a href=\"/be-bath-spa/facilities/students-union/\" class=\"dom-end\"><span class=\"menu-item\">Students' Union</span></a></li>\n<li><a href=\"/be-bath-spa/facilities/vle/\" class=\"dom-end\"><span class=\"menu-item\">Virtual learning environment</span></a></li>\n<li><a href=\"/be-bath-spa/facilities/art-and-design-facilities/\" class=\"has-subnav\"><span class=\"menu-item\">Art and Design Facilities</span><em class=\"subnav-link\"></em></a>\n<ul class=\"multilevel-linkul-2\">\n<li><a href=\"/be-bath-spa/facilities/art-and-design-facilities/equipment/\" class=\"dom-end\"><span class=\"menu-item\">Equipment</span></a></li>\n<li><a href=\"/be-bath-spa/facilities/art-and-design-facilities/workshops/\" class=\"dom-end\"><span class=\"menu-item\">Workshops</span></a></li>\n<li><a href=\"/be-bath-spa/facilities/art-and-design-facilities/art-shop/\" class=\"dom-end\"><span class=\"menu-item\">Art shop</span></a></li>\n<li><a href=\"/be-bath-spa/facilities/art-and-design-facilities/studios/\" class=\"dom-end\"><span class=\"menu-item\">Studios</span></a></li>\n\n</ul>\n\n</li>\n<li><a href=\"/be-bath-spa/facilities/food-and-nutrition-labs/\" class=\"dom-end\"><span class=\"menu-item\">Food and Nutrition Labs</span></a></li>\n<li><a href=\"http://oak-tree-nursery.co.uk/\" class=\"dom-end\"><span class=\"menu-item\">Nursery</span></a></li>\n\n</ul>\n\n</li>\n<li><a href=\"/be-bath-spa/accommodation/\" class=\"has-subnav\"><span class=\"menu-item\">Accommodation</span><em class=\"subnav-link\"></em></a>\n<ul class=\"multilevel-linkul-1\">\n<li><a href=\"/be-bath-spa/accommodation/private-sector-accommodation/\" class=\"has-subnav\"><span class=\"menu-item\">Private Sector Accommodation</span><em class=\"subnav-link\"></em></a>\n<ul class=\"multilevel-linkul-2\">\n<li><a href=\"/be-bath-spa/accommodation/private-sector-accommodation/bills-and-budgeting/\" class=\"dom-end\"><span class=\"menu-item\">Bills and Budgeting</span></a></li>\n<li><a href=\"/be-bath-spa/accommodation/private-sector-accommodation/contracts-and-legalities/\" class=\"dom-end\"><span class=\"menu-item\">Contracts and Legalities</span></a></li>\n\n</ul>\n\n</li>\n<li><a href=\"/be-bath-spa/accommodation/accommodation-support/\" class=\"dom-end\"><span class=\"menu-item\">Accommodation Support</span></a></li>\n<li><a href=\"/be-bath-spa/accommodation/access-needs/\" class=\"dom-end\"><span class=\"menu-item\">Access Needs</span></a></li>\n<li><a href=\"/be-bath-spa/accommodation/applying-for-accommodation/\" class=\"dom-end\"><span class=\"menu-item\">Applying for Accommodation</span></a></li>\n<li><a href=\"/be-bath-spa/accommodation/our-accommodation/\" class=\"has-subnav\"><span class=\"menu-item\">Our Accommodation</span><em class=\"subnav-link\"></em></a>\n<ul class=\"multilevel-linkul-2\">\n<li><a href=\"/be-bath-spa/accommodation/our-accommodation/newton-park-halls/\" class=\"dom-end\"><span class=\"menu-item\">Newton Park Halls</span></a></li>\n<li><a href=\"/be-bath-spa/accommodation/our-accommodation/twerton-mill/\" class=\"dom-end\"><span class=\"menu-item\">Twerton Mill</span></a></li>\n<li><a href=\"/be-bath-spa/accommodation/our-accommodation/green-park-house/\" class=\"dom-end\"><span class=\"menu-item\">Green Park House</span></a></li>\n<li><a href=\"/be-bath-spa/accommodation/our-accommodation/unite-halls/\" class=\"dom-end\"><span class=\"menu-item\">Waterside Court and Charlton Court</span></a></li>\n<li><a href=\"/be-bath-spa/accommodation/our-accommodation/bankside-house/\" class=\"dom-end\"><span class=\"menu-item\">Bankside House</span></a></li>\n<li><a href=\"/be-bath-spa/accommodation/our-accommodation/rents/\" class=\"dom-end\"><span class=\"menu-item\">Price List</span></a></li>\n\n</ul>\n\n</li>\n\n</ul>\n\n</li>\n<li><a href=\"/be-bath-spa/visit-us/\" class=\"has-subnav\"><span class=\"menu-item\">Visit us</span><em class=\"subnav-link\"></em></a>\n<ul class=\"multilevel-linkul-1\">\n<li><a href=\"/be-bath-spa/visit-us/undergraduate/\" class=\"has-subnav\"><span class=\"menu-item\">Undergraduate events</span><em class=\"subnav-link\"></em></a>\n<ul class=\"multilevel-linkul-2\">\n<li><a href=\"/be-bath-spa/visit-us/undergraduate/travel-by-train/\" class=\"dom-end\"><span class=\"menu-item\">Travel by Train</span></a></li>\n\n</ul>\n\n</li>\n<li><a href=\"/be-bath-spa/visit-us/postgraduate/\" class=\"dom-end\"><span class=\"menu-item\">Postgraduate events</span></a></li>\n<li><a href=\"/be-bath-spa/visit-us/teacher-education/\" class=\"dom-end\"><span class=\"menu-item\">Teacher education events</span></a></li>\n<li><a href=\"/be-bath-spa/visit-us/campus-tours/\" class=\"dom-end\"><span class=\"menu-item\">Campus tours</span></a></li>\n<li><a href=\"/be-bath-spa/visit-us/school-and-college-visits/\" class=\"dom-end\"><span class=\"menu-item\">School and college visits</span></a></li>\n\n</ul>\n\n</li>\n<li><a href=\"/be-bath-spa/prospectus/\" class=\"dom-end\"><span class=\"menu-item\">Order a prospectus</span></a></li>\n<li><a href=\"/be-bath-spa/schools-of-study/\" class=\"dom-end\"><span class=\"menu-item\">Schools of study</span></a></li>\n\n</ul>\n\n</li><li><a href=\"/art-and-design/\" class=\"has-subnav\"><span class=\"menu-item\">Art and Design</span><em class=\"subnav-link\"></em></a>\n<ul class=\"multilevel-linkul-0\">\n<li><a href=\"/courses/?keyword=&amp;courseLevel=Undergraduate&amp;schoolOfStudy=Bath+School+of+Art+and+Design\" class=\"dom-end\"><span class=\"menu-item\">Undergraduate courses</span></a></li>\n<li><a href=\"/courses/?keyword=&amp;courseLevel=Postgraduate&amp;schoolOfStudy=Bath+School+of+Art+and+Design\" class=\"dom-end\"><span class=\"menu-item\">Postgraduate courses</span></a></li>\n<li><a href=\"/art-and-design/research/\" class=\"has-subnav\"><span class=\"menu-item\">Research</span><em class=\"subnav-link\"></em></a>\n<ul class=\"multilevel-linkul-1\">\n<li><a href=\"/art-and-design/research/art/\" class=\"dom-end\"><span class=\"menu-item\">Art</span></a></li>\n<li><a href=\"/art-and-design/research/design/\" class=\"dom-end\"><span class=\"menu-item\">Design</span></a></li>\n<li><a href=\"/art-and-design/research/wunderkammer/\" class=\"dom-end\"><span class=\"menu-item\">Wunderkammer</span></a></li>\n\n</ul>\n\n</li>\n<li><a href=\"/art-and-design/interest-areas/\" class=\"dom-end\"><span class=\"menu-item\">Interest areas</span></a></li>\n<li><a href=\"/art-and-design/degree-show/\" class=\"dom-end\"><span class=\"menu-item\">Degree Show</span></a></li>\n\n</ul>\n\n</li><li><a href=\"/education/\" class=\"has-subnav\"><span class=\"menu-item\">Education</span><em class=\"subnav-link\"></em></a>\n<ul class=\"multilevel-linkul-0\">\n<li><a href=\"https://www.bathspa.ac.uk/courses/?keyword=&amp;courseLevel=Undergraduate&amp;courseLevel=Integrated+PGCE&amp;schoolOfStudy=Institute+for+Education\" class=\"dom-end\"><span class=\"menu-item\">Undergraduate</span></a></li>\n<li><a href=\"https://www.bathspa.ac.uk/courses/?keyword=&amp;courseLevel=Postgraduate&amp;schoolOfStudy=Institute+for+Education\" class=\"dom-end\"><span class=\"menu-item\">Postgraduate taught</span></a></li>\n<li><a href=\"/education/teacher-education/\" class=\"has-subnav\"><span class=\"menu-item\">Teacher Education</span><em class=\"subnav-link\"></em></a>\n<ul class=\"multilevel-linkul-1\">\n<li><a href=\"/courses/eyts-early-years-initial-teacher-training/\" class=\"dom-end\"><span class=\"menu-item\">Early Years Teaching</span></a></li>\n<li><a href=\"/education/teacher-education/primary-teaching/\" class=\"dom-end\"><span class=\"menu-item\">Primary Teaching</span></a></li>\n<li><a href=\"https://www.bathspa.ac.uk/courses/?keyword=secondary&amp;courseLevel=Initial+Teacher+Education&amp;courseLevel=Integrated+PGCE\" class=\"dom-end\"><span class=\"menu-item\">Secondary Teaching</span></a></li>\n<li><a href=\"/courses/qts-assessment-only-programme/\" class=\"dom-end\"><span class=\"menu-item\">Assessment Only Route to Qualified Teacher Status</span></a></li>\n<li><a href=\"/education/teacher-education/school-direct/\" class=\"dom-end\"><span class=\"menu-item\">School direct</span></a></li>\n<li><a href=\"/education/teacher-education/troops-to-teachers/\" class=\"dom-end\"><span class=\"menu-item\">Troops to teachers</span></a></li>\n<li><a href=\"/education/teacher-education/teach-first/\" class=\"dom-end\"><span class=\"menu-item\">Teach first</span></a></li>\n\n</ul>\n\n</li>\n<li><a href=\"/education/professional-development/\" class=\"dom-end\"><span class=\"menu-item\">Continuing Professional Development</span></a></li>\n<li><a href=\"/research-and-enterprise/research-degrees/\" class=\"dom-end\"><span class=\"menu-item\">Research Degrees</span></a></li>\n<li><a href=\"/education/research/\" class=\"has-subnav\"><span class=\"menu-item\">Our research and projects</span><em class=\"subnav-link\"></em></a>\n<ul class=\"multilevel-linkul-1\">\n<li><a href=\"/education/research/dite/\" class=\"dom-end\"><span class=\"menu-item\">Diversity in Teacher Education (DITE)</span></a></li>\n<li><a href=\"/education/research/equity-inclusion-and-community/\" class=\"dom-end\"><span class=\"menu-item\">Equity, Inclusion and Community</span></a></li>\n<li><a href=\"/education/research/taps/\" class=\"dom-end\"><span class=\"menu-item\">Teacher assessment in primary science (TAPS)</span></a></li>\n<li><a href=\"/education/research/early-years-childhood-and-youth/\" class=\"has-subnav\"><span class=\"menu-item\">Early Years, Childhood and Youth</span><em class=\"subnav-link\"></em></a>\n<ul class=\"multilevel-linkul-2\">\n<li><a href=\"/education/research/early-years-childhood-and-youth/early-years-childhood-and-youth/\" class=\"dom-end\"><span class=\"menu-item\">About</span></a></li>\n<li><a href=\"/education/research/early-years-childhood-and-youth/research/\" class=\"dom-end\"><span class=\"menu-item\">Research</span></a></li>\n<li><a href=\"/education/research/early-years-childhood-and-youth/working-papers/\" class=\"dom-end\"><span class=\"menu-item\">Working Papers</span></a></li>\n<li><a href=\"/education/research/early-years-childhood-and-youth/education/\" class=\"dom-end\"><span class=\"menu-item\">Early Years, Childhood and Youth Courses</span></a></li>\n\n</ul>\n\n</li>\n<li><a href=\"/education/research/scientific--technological-learning-and-education/\" class=\"has-subnav\"><span class=\"menu-item\">Scientific &amp; Technological Learning and Education</span><em class=\"subnav-link\"></em></a>\n<ul class=\"multilevel-linkul-2\">\n<li><a href=\"/education/research/scientific--technological-learning-and-education/about/\" class=\"dom-end\"><span class=\"menu-item\">About</span></a></li>\n<li><a href=\"/education/research/scientific--technological-learning-and-education/people/\" class=\"dom-end\"><span class=\"menu-item\">People</span></a></li>\n<li><a href=\"/education/research/scientific--technological-learning-and-education/phds/\" class=\"dom-end\"><span class=\"menu-item\">PhDs</span></a></li>\n\n</ul>\n\n</li>\n<li><a href=\"/education/research/digital-citizenship/\" class=\"dom-end\"><span class=\"menu-item\">Digital Citizenship</span></a></li>\n<li><a href=\"/education/research/bertie/\" class=\"dom-end\"><span class=\"menu-item\">British Education Research Tool in Education</span></a></li>\n<li><a href=\"/education/research/emotion-coaching/\" class=\"dom-end\"><span class=\"menu-item\">Emotion coaching</span></a></li>\n<li><a href=\"/education/research/attachment-aware-schools/\" class=\"has-subnav\"><span class=\"menu-item\">Attachment Aware Schools  </span><em class=\"subnav-link\"></em></a>\n<ul class=\"multilevel-linkul-2\">\n<li><a href=\"/education/research/attachment-aware-schools/importance-of-attatchment/\" class=\"dom-end\"><span class=\"menu-item\">The importance of attachment</span></a></li>\n<li><a href=\"/education/research/attachment-aware-schools/attachment-in-school/\" class=\"dom-end\"><span class=\"menu-item\">Attachment in school</span></a></li>\n<li><a href=\"/education/research/attachment-aware-schools/resources-and-bibliography/\" class=\"dom-end\"><span class=\"menu-item\">Resources and bibliography</span></a></li>\n<li><a href=\"/education/research/attachment-aware-schools/attachment-training/\" class=\"dom-end\"><span class=\"menu-item\">Attachment training</span></a></li>\n\n</ul>\n\n</li>\n\n</ul>\n\n</li>\n\n</ul>\n\n</li><li><a href=\"/liberal-arts/\" class=\"has-subnav\"><span class=\"menu-item\">Liberal Arts</span><em class=\"subnav-link\"></em></a>\n<ul class=\"multilevel-linkul-0\">\n<li><a href=\"/courses/?keyword=&amp;courseLevel=Undergraduate&amp;schoolOfStudy=College+of+Liberal+Arts\" class=\"dom-end\"><span class=\"menu-item\">Undergraduate courses</span></a></li>\n<li><a href=\"/courses/?keyword=&amp;courseLevel=Postgraduate+taught&amp;schoolOfStudy=College+of+Liberal+Arts\" class=\"dom-end\"><span class=\"menu-item\">Postgraduate courses</span></a></li>\n<li><a href=\"/liberal-arts/bath-business-school/\" class=\"dom-end\"><span class=\"menu-item\">Bath Business School</span></a></li>\n<li><a href=\"/liberal-arts/research/\" class=\"has-subnav\"><span class=\"menu-item\">Research</span><em class=\"subnav-link\"></em></a>\n<ul class=\"multilevel-linkul-1\">\n<li><a href=\"/liberal-arts/research/creative-computing/\" class=\"has-subnav\"><span class=\"menu-item\">Centre for Creative Computing</span><em class=\"subnav-link\"></em></a>\n<ul class=\"multilevel-linkul-2\">\n<li><a href=\"/liberal-arts/research/creative-computing/standard-content-no-image/\" class=\"dom-end\"><span class=\"menu-item\">Publications</span></a></li>\n\n</ul>\n\n</li>\n<li><a href=\"/liberal-arts/research/making-books/\" class=\"has-subnav\"><span class=\"menu-item\">Making books research centre</span><em class=\"subnav-link\"></em></a>\n<ul class=\"multilevel-linkul-2\">\n<li><a href=\"/liberal-arts/research/making-books/mix-2017/\" class=\"dom-end\"><span class=\"menu-item\">MIX Conference</span></a></li>\n\n</ul>\n\n</li>\n<li><a href=\"/liberal-arts/research/creative-writing-centre/\" class=\"dom-end\"><span class=\"menu-item\">Creative Writing Centre</span></a></li>\n<li><a href=\"/liberal-arts/research/media-convergence-research-centre/\" class=\"has-subnav\"><span class=\"menu-item\">Media Convergence Research Centre</span><em class=\"subnav-link\"></em></a>\n<ul class=\"multilevel-linkul-2\">\n<li><a href=\"/liberal-arts/research/media-convergence-research-centre/transmedia-earth-conference/\" class=\"dom-end\"><span class=\"menu-item\">Transmedia Earth Conference</span></a></li>\n<li><a href=\"/liberal-arts/research/media-convergence-research-centre/about/\" class=\"dom-end\"><span class=\"menu-item\">About</span></a></li>\n<li><a href=\"/liberal-arts/research/media-convergence-research-centre/contact-us/\" class=\"dom-end\"><span class=\"menu-item\">Contact Us</span></a></li>\n<li><a href=\"/liberal-arts/research/media-convergence-research-centre/standard-content-no-image/\" class=\"dom-end\"><span class=\"menu-item\">Postgraduates</span></a></li>\n<li><a href=\"/liberal-arts/research/media-convergence-research-centre/meccsa-practice-network-symposium-2017/\" class=\"dom-end\"><span class=\"menu-item\">MeCCSA Practice Network Symposium 2017</span></a></li>\n<li><a href=\"/liberal-arts/research/media-convergence-research-centre/digital-ecologies-and-the-anthropocene/\" class=\"dom-end\"><span class=\"menu-item\">Digital ecologies and the Anthropocene</span></a></li>\n<li><a href=\"/liberal-arts/research/media-convergence-research-centre/we-make-stuff/\" class=\"dom-end\"><span class=\"menu-item\">We Make Stuff</span></a></li>\n\n</ul>\n\n</li>\n<li><a href=\"/liberal-arts/research/arts-and-social-change/\" class=\"dom-end\"><span class=\"menu-item\">Arts and Social Change</span></a></li>\n<li><a href=\"/liberal-arts/research/creative-corporealities/\" class=\"dom-end\"><span class=\"menu-item\">Creative Corporealities</span></a></li>\n<li><a href=\"/liberal-arts/research/open-scores-lab/\" class=\"dom-end\"><span class=\"menu-item\">Open Scores Lab</span></a></li>\n<li><a href=\"/liberal-arts/research/psychology-research-group/\" class=\"dom-end\"><span class=\"menu-item\">Psychology Research Group</span></a></li>\n<li><a href=\"/liberal-arts/research/policing-and-criminal-justice-group/\" class=\"dom-end\"><span class=\"menu-item\">Policing and Criminal Justice Group</span></a></li>\n\n</ul>\n\n</li>\n<li><a href=\"/liberal-arts/interest-areas/\" class=\"dom-end\"><span class=\"menu-item\">Interest areas</span></a></li>\n\n</ul>\n\n</li><li><a href=\"/international/\" class=\"has-subnav\"><span class=\"menu-item\">International</span><em class=\"subnav-link\"></em></a>\n<ul class=\"multilevel-linkul-0\">\n<li><a href=\"/international/courses/\" class=\"has-subnav\"><span class=\"menu-item\">Courses</span><em class=\"subnav-link\"></em></a>\n<ul class=\"multilevel-linkul-1\">\n<li><a href=\"/international/courses/summer-schools/\" class=\"dom-end\"><span class=\"menu-item\">Summer Schools</span></a></li>\n<li><a href=\"/international/courses/pre-sessional/\" class=\"dom-end\"><span class=\"menu-item\">Pre-sessional English Language</span></a></li>\n<li><a href=\"/courses/intl-international-year-1/\" class=\"dom-end\"><span class=\"menu-item\">International Year One</span></a></li>\n<li><a href=\"/courses/pg-business-and-management-masters-15-month/\" class=\"dom-end\"><span class=\"menu-item\">Masters Accelerator Programme</span></a></li>\n\n</ul>\n\n</li>\n<li><a href=\"/international/visas/\" class=\"has-subnav\"><span class=\"menu-item\">Visas</span><em class=\"subnav-link\"></em></a>\n<ul class=\"multilevel-linkul-1\">\n<li><a href=\"/international/visas/applying-from-the-uk/\" class=\"dom-end\"><span class=\"menu-item\">Applying from the UK</span></a></li>\n<li><a href=\"/international/visas/applying-from-your-country/\" class=\"dom-end\"><span class=\"menu-item\">Applying from your country</span></a></li>\n<li><a href=\"/international/visas/cas/\" class=\"dom-end\"><span class=\"menu-item\">CAS</span></a></li>\n<li><a href=\"/international/visas/short-term-student-and-standard-visitor-visa/\" class=\"dom-end\"><span class=\"menu-item\">Short term student and standard visitor visa</span></a></li>\n<li><a href=\"https://www.gov.uk/check-uk-visa\" class=\"dom-end\"><span class=\"menu-item\">Check if you need a visa</span></a></li>\n<li><a href=\"/international/visas/arrival-and-during-your-studies/\" class=\"has-subnav\"><span class=\"menu-item\">Arrival and during your studies</span><em class=\"subnav-link\"></em></a>\n<ul class=\"multilevel-linkul-2\">\n<li><a href=\"/international/visas/arrival-and-during-your-studies/before-you-get-here/\" class=\"dom-end\"><span class=\"menu-item\">Before you get here</span></a></li>\n<li><a href=\"/international/visas/arrival-and-during-your-studies/arriving/\" class=\"dom-end\"><span class=\"menu-item\">Arriving</span></a></li>\n<li><a href=\"/international/visas/arrival-and-during-your-studies/your-visa-in-detail/\" class=\"dom-end\"><span class=\"menu-item\">Your visa in detail</span></a></li>\n<li><a href=\"/international/visas/arrival-and-during-your-studies/while-youre-here/\" class=\"dom-end\"><span class=\"menu-item\">While you're here</span></a></li>\n\n</ul>\n\n</li>\n<li><a href=\"/international/visas/immigration-news/\" class=\"dom-end\"><span class=\"menu-item\">Immigration news</span></a></li>\n\n</ul>\n\n</li>\n<li><a href=\"/international/support/\" class=\"has-subnav\"><span class=\"menu-item\">Support</span><em class=\"subnav-link\"></em></a>\n<ul class=\"multilevel-linkul-1\">\n<li><a href=\"/international/support/english-language-unit/\" class=\"dom-end\"><span class=\"menu-item\">English language unit</span></a></li>\n\n</ul>\n\n</li>\n<li><a href=\"/international/exchange-opportunities/\" class=\"has-subnav\"><span class=\"menu-item\">Exchange opportunities</span><em class=\"subnav-link\"></em></a>\n<ul class=\"multilevel-linkul-1\">\n<li><a href=\"/international/exchange-opportunities/opportunities-for-incoming-students/\" class=\"dom-end\"><span class=\"menu-item\">Opportunities for incoming students</span></a></li>\n<li><a href=\"/international/exchange-opportunities/opportunities-for-outgoing-students/\" class=\"dom-end\"><span class=\"menu-item\">Opportunities for outgoing students</span></a></li>\n<li><a href=\"/international/exchange-opportunities/partner-universities/\" class=\"dom-end\"><span class=\"menu-item\">Partner Universities</span></a></li>\n\n</ul>\n\n</li>\n<li><a href=\"/international/country-advice/\" class=\"dom-end\"><span class=\"menu-item\">Advice by country A-Z</span></a></li>\n<li><a href=\"/applicants/how-to-apply/international/\" class=\"dom-end\"><span class=\"menu-item\">How to apply</span></a></li>\n\n</ul>\n\n</li><li><a href=\"/research-and-enterprise/\" class=\"has-subnav\"><span class=\"menu-item\">Research and Enterprise</span><em class=\"subnav-link\"></em></a>\n<ul class=\"multilevel-linkul-0\">\n<li><a href=\"/research-and-enterprise/research-degrees/\" class=\"has-subnav\"><span class=\"menu-item\">Research Degrees</span><em class=\"subnav-link\"></em></a>\n<ul class=\"multilevel-linkul-1\">\n<li><a href=\"/research-and-enterprise/research-degrees/choosing-a-research-degree/\" class=\"dom-end\"><span class=\"menu-item\">Choosing a Research Degree</span></a></li>\n<li><a href=\"/research-and-enterprise/research-degrees/about/\" class=\"dom-end\"><span class=\"menu-item\">About</span></a></li>\n<li><a href=\"/research-and-enterprise/research-degrees/graduate-college-contacts/\" class=\"dom-end\"><span class=\"menu-item\">Graduate College Contacts</span></a></li>\n<li><a href=\"/applicants/how-to-apply/research-degrees/\" class=\"dom-end\"><span class=\"menu-item\">How to apply</span></a></li>\n\n</ul>\n\n</li>\n<li><a href=\"/research-and-enterprise/research-strategy/\" class=\"has-subnav\"><span class=\"menu-item\">Research Strategy</span><em class=\"subnav-link\"></em></a>\n<ul class=\"multilevel-linkul-1\">\n<li><a href=\"/research-and-enterprise/research-strategy/integrity-and-ethics/\" class=\"dom-end\"><span class=\"menu-item\">Integrity and Ethics</span></a></li>\n<li><a href=\"/research-and-enterprise/research-strategy/open-research/\" class=\"dom-end\"><span class=\"menu-item\">Open Research</span></a></li>\n<li><a href=\"/research-and-enterprise/research-strategy/hr-excellence-in-research/\" class=\"dom-end\"><span class=\"menu-item\">HR Excellence in Research</span></a></li>\n<li><a href=\"/research-and-enterprise/research-strategy/strategy-overview/\" class=\"dom-end\"><span class=\"menu-item\">Strategy Overview</span></a></li>\n<li><a href=\"/research-and-enterprise/research-strategy/research-and-enterprise-team/\" class=\"dom-end\"><span class=\"menu-item\">Research and Enterprise Team</span></a></li>\n<li><a href=\"/research-and-enterprise/research-strategy/training-and-development/\" class=\"dom-end\"><span class=\"menu-item\">Training and Development</span></a></li>\n\n</ul>\n\n</li>\n<li><a href=\"/research-and-enterprise/access-our-expertise/\" class=\"has-subnav\"><span class=\"menu-item\">Access our Expertise</span><em class=\"subnav-link\"></em></a>\n<ul class=\"multilevel-linkul-1\">\n<li><a href=\"/research-and-enterprise/access-our-expertise/knowledge-transfer-partnerships/\" class=\"dom-end\"><span class=\"menu-item\">Knowledge Transfer Partnerships</span></a></li>\n<li><a href=\"/research-and-enterprise/access-our-expertise/consultancy-and-commissioning/\" class=\"dom-end\"><span class=\"menu-item\">Consultancy and Commissioning</span></a></li>\n<li><a href=\"/research-and-enterprise/access-our-expertise/support-our-students/\" class=\"dom-end\"><span class=\"menu-item\">Support Our Students</span></a></li>\n\n</ul>\n\n</li>\n<li><a href=\"/research-and-enterprise/research-centres/\" class=\"has-subnav\"><span class=\"menu-item\">Research Centres</span><em class=\"subnav-link\"></em></a>\n<ul class=\"multilevel-linkul-1\">\n<li><a href=\"/research-and-enterprise/research-centres/research-centre-for-environmental-humanities/\" class=\"has-subnav\"><span class=\"menu-item\">Research Centre for Environmental Humanities</span><em class=\"subnav-link\"></em></a>\n<ul class=\"multilevel-linkul-2\">\n<li><a href=\"/research-and-enterprise/research-centres/research-centre-for-environmental-humanities/people/\" class=\"dom-end\"><span class=\"menu-item\">People</span></a></li>\n<li><a href=\"/research-and-enterprise/research-centres/research-centre-for-environmental-humanities/projects/\" class=\"dom-end\"><span class=\"menu-item\">Projects</span></a></li>\n<li><a href=\"/research-and-enterprise/research-centres/research-centre-for-environmental-humanities/events/\" class=\"dom-end\"><span class=\"menu-item\">Events</span></a></li>\n<li><a href=\"/research-and-enterprise/research-centres/research-centre-for-environmental-humanities/research-strengths/\" class=\"dom-end\"><span class=\"menu-item\">Research Strengths</span></a></li>\n<li><a href=\"/research-and-enterprise/research-centres/research-centre-for-environmental-humanities/postgraduate-study/\" class=\"dom-end\"><span class=\"menu-item\">Postgraduate Study</span></a></li>\n\n</ul>\n\n</li>\n<li><a href=\"/art-and-design/research/art/\" class=\"dom-end\"><span class=\"menu-item\">Art Research Centre</span></a></li>\n<li><a href=\"/liberal-arts/research/creative-writing-centre/\" class=\"dom-end\"><span class=\"menu-item\">Bath Spa Research Centre in Creative Writing</span></a></li>\n<li><a href=\"/liberal-arts/research/creative-computing/\" class=\"dom-end\"><span class=\"menu-item\">Centre for Creative Computing</span></a></li>\n<li><a href=\"/art-and-design/research/design/\" class=\"dom-end\"><span class=\"menu-item\">Design Research Centre</span></a></li>\n<li><a href=\"/education/research/early-years-childhood-and-youth/\" class=\"dom-end\"><span class=\"menu-item\">Early Years, Childhood and Youth</span></a></li>\n<li><a href=\"/education/research/equity-inclusion-and-community/\" class=\"dom-end\"><span class=\"menu-item\">Equity, Inclusion and Community</span></a></li>\n<li><a href=\"/liberal-arts/research/making-books/\" class=\"dom-end\"><span class=\"menu-item\">Making Books Research Centre</span></a></li>\n<li><a href=\"/liberal-arts/research/media-convergence-research-centre/\" class=\"dom-end\"><span class=\"menu-item\">Media Convergence Research Centre</span></a></li>\n<li><a href=\"/education/research/scientific--technological-learning-and-education/\" class=\"dom-end\"><span class=\"menu-item\">Scientific Technological Learning and Education</span></a></li>\n<li><a href=\"/research-and-enterprise/research-centres/centre-for-transnational-creativity-and-education/\" class=\"has-subnav\"><span class=\"menu-item\">Centre for Transnational Creativity and Education</span><em class=\"subnav-link\"></em></a>\n<ul class=\"multilevel-linkul-2\">\n<li><a href=\"/research-and-enterprise/research-centres/centre-for-transnational-creativity-and-education/about/\" class=\"dom-end\"><span class=\"menu-item\">About</span></a></li>\n<li><a href=\"/research-and-enterprise/research-centres/centre-for-transnational-creativity-and-education/people/\" class=\"dom-end\"><span class=\"menu-item\">People</span></a></li>\n<li><a href=\"/research-and-enterprise/research-centres/centre-for-transnational-creativity-and-education/approach/\" class=\"dom-end\"><span class=\"menu-item\">Approach</span></a></li>\n<li><a href=\"/research-and-enterprise/research-centres/centre-for-transnational-creativity-and-education/objectives/\" class=\"dom-end\"><span class=\"menu-item\">Objectives</span></a></li>\n\n</ul>\n\n</li>\n\n</ul>\n\n</li>\n<li><a href=\"/research-and-enterprise/professorial-lecture-series-/\" class=\"dom-end\"><span class=\"menu-item\">Professorial lecture series </span></a></li>\n\n</ul>\n\n</li><li><a href=\"/news-and-events/\" class=\"has-subnav\"><span class=\"menu-item\">News and Events</span><em class=\"subnav-link\"></em></a>\n<ul class=\"multilevel-linkul-0\">\n<li><a href=\"/news-and-events/publications/\" class=\"dom-end\"><span class=\"menu-item\">Publications</span></a></li>\n<li><a href=\"/news-and-events/academic-expertise/\" class=\"dom-end\"><span class=\"menu-item\">Academic Expertise</span></a></li>\n<li><a href=\"/news-and-events/filming-opportunities/\" class=\"dom-end\"><span class=\"menu-item\">Filming Opportunities</span></a></li>\n<li><a href=\"/news-and-events/media-key-facts/\" class=\"dom-end\"><span class=\"menu-item\">Key Facts for the Media</span></a></li>\n\n</ul>\n\n</li>\n    </ul>\n\n    <div id=\"nav-secondary\">\n        <ul><li><a href=\"/about-us/\" class=\"has-subnav\"><span class=\"menu-item\">About Us</span><em class=\"subnav-link\"></em></a><ul><li><a href=\"/about-us/our-history/\" class=\"dom-end\"><span class=\"menu-item\">Our History</span></a></li><li><a href=\"/about-us/vision-and-values/\" class=\"dom-end\"><span class=\"menu-item\">Vision and Values</span></a></li><li><a href=\"/about-us/green-focus/\" class=\"dom-end\"><span class=\"menu-item\">Green Focus</span></a></li><li><a href=\"/about-us/governance/\" class=\"has-subnav\"><span class=\"menu-item\">Governance</span><em class=\"subnav-link\"></em></a><ul><li><a href=\"/about-us/governance/policies/\" class=\"dom-end\"><span class=\"menu-item\">Policies</span></a></li><li><a href=\"/about-us/governance/quality-and-standards/\" class=\"has-subnav\"><span class=\"menu-item\">Quality and Standards</span><em class=\"subnav-link\"></em></a><ul><li><a href=\"/about-us/governance/quality-and-standards/academic-development-reporting/\" class=\"dom-end\"><span class=\"menu-item\">Academic development reporting</span></a></li><li><a href=\"/about-us/governance/quality-and-standards/assessment/\" class=\"dom-end\"><span class=\"menu-item\">Assessment</span></a></li><li><a href=\"/about-us/governance/quality-and-standards/committees/\" class=\"has-subnav\"><span class=\"menu-item\">Committees</span><em class=\"subnav-link\"></em></a><ul><li><a href=\"/about-us/governance/quality-and-standards/committees/academic-quality-and-standards-committee/\" class=\"dom-end\"><span class=\"menu-item\">Academic Quality and Standards Committee</span></a></li><li><a href=\"/about-us/governance/quality-and-standards/committees/collaborative-provision-committee/\" class=\"dom-end\"><span class=\"menu-item\">Collaborative Provision Committee</span></a></li><li><a href=\"/about-us/governance/quality-and-standards/committees/digital-education-committee/\" class=\"dom-end\"><span class=\"menu-item\">Digital Education Committee</span></a></li><li><a href=\"/about-us/governance/quality-and-standards/committees/learning-and-teaching-committee/\" class=\"dom-end\"><span class=\"menu-item\">Learning and Teaching Committee</span></a></li><li><a href=\"/about-us/governance/quality-and-standards/committees/programme-approval-and-review/\" class=\"dom-end\"><span class=\"menu-item\">Programme Approval and Review Sub-committee</span></a></li><li><a href=\"/about-us/governance/quality-and-standards/committees/student-representatives/\" class=\"dom-end\"><span class=\"menu-item\">Student Representatives' Committee</span></a></li></ul></li><li><a href=\"/about-us/governance/quality-and-standards/externality-and-accountability/\" class=\"has-subnav\"><span class=\"menu-item\">Externality and Accountability</span><em class=\"subnav-link\"></em></a><ul><li><a href=\"/about-us/governance/quality-and-standards/externality-and-accountability/ofsted-results/\" class=\"dom-end\"><span class=\"menu-item\">Ofsted Results</span></a></li></ul></li><li><a href=\"/about-us/governance/quality-and-standards/external-examiners/\" class=\"has-subnav\"><span class=\"menu-item\">External Examiners</span><em class=\"subnav-link\"></em></a><ul><li><a href=\"/about-us/governance/quality-and-standards/external-examiners/annual-reports/\" class=\"dom-end\"><span class=\"menu-item\">Annual Reports</span></a></li><li><a href=\"/about-us/governance/quality-and-standards/external-examiners/role/\" class=\"dom-end\"><span class=\"menu-item\">External Examiners' Role</span></a></li><li><a href=\"/about-us/governance/quality-and-standards/external-examiners/application-and-appointment/\" class=\"dom-end\"><span class=\"menu-item\">Application and Appointment</span></a></li><li><a href=\"/about-us/governance/quality-and-standards/external-examiners/examination-boards/\" class=\"dom-end\"><span class=\"menu-item\">Examination Boards</span></a></li></ul></li><li><a href=\"/about-us/governance/quality-and-standards/managing-he/\" class=\"dom-end\"><span class=\"menu-item\">Managing Higher Education with others</span></a></li><li><a href=\"/about-us/governance/quality-and-standards/programme-approval/\" class=\"dom-end\"><span class=\"menu-item\">Programme approval and review</span></a></li><li><a href=\"/about-us/governance/quality-and-standards/links/\" class=\"dom-end\"><span class=\"menu-item\">Links and resources</span></a></li></ul></li><li><a href=\"/about-us/governance/organisational-chart/\" class=\"dom-end\"><span class=\"menu-item\">Organisational Chart</span></a></li></ul></li><li><a href=\"/about-us/term-dates/\" class=\"dom-end\"><span class=\"menu-item\">Term dates</span></a></li><li><a href=\"/about-us/find-us/\" class=\"dom-end\"><span class=\"menu-item\">Find us</span></a></li><li><a href=\"/about-us/contact/\" class=\"dom-end\"><span class=\"menu-item\">Contact us</span></a></li></ul></li></ul>\n        <ul><li><a href=\"/library/\" class=\"has-subnav\"><span class=\"menu-item\">Library</span><em class=\"subnav-link\"></em></a><ul><li><a href=\"/library/library-databases/\" class=\"dom-end\"><span class=\"menu-item\">Databases A-Z</span></a></li><li><a href=\"https://bathspa.idm.oclc.org/login?url=http://search.ebscohost.com/login.aspx?direct=true&amp;db=edspub&amp;profile=eds&amp;plp=1\" class=\"dom-end\"><span class=\"menu-item\">Journals A-Z</span></a></li><li><a href=\"/library/library-hours/\" class=\"dom-end\"><span class=\"menu-item\">Library hours</span></a></li><li><a href=\"/library/subject-resources-a-z/\" class=\"dom-end\"><span class=\"menu-item\">Subject resources A-Z</span></a></li><li><a href=\"/library/researching-and-referencing/\" class=\"has-subnav\"><span class=\"menu-item\">Researching and referencing</span><em class=\"subnav-link\"></em></a><ul><li><a href=\"/library/researching-and-referencing/search-strategies/\" class=\"dom-end\"><span class=\"menu-item\">Search strategies</span></a></li><li><a href=\"/library/researching-and-referencing/dissertations/\" class=\"dom-end\"><span class=\"menu-item\">Dissertations</span></a></li><li><a href=\"/library/researching-and-referencing/books/\" class=\"dom-end\"><span class=\"menu-item\">Books</span></a></li><li><a href=\"/library/researching-and-referencing/ebooks/\" class=\"dom-end\"><span class=\"menu-item\">eBooks</span></a></li><li><a href=\"/library/researching-and-referencing/journals/\" class=\"dom-end\"><span class=\"menu-item\">Journals</span></a></li><li><a href=\"/library/researching-and-referencing/standard-content/\" class=\"dom-end\"><span class=\"menu-item\">Special collections</span></a></li><li><a href=\"/library/researching-and-referencing/interlibrary-loans/\" class=\"has-subnav\"><span class=\"menu-item\">Interlibrary loans</span><em class=\"subnav-link\"></em></a><ul><li><a href=\"/library/researching-and-referencing/interlibrary-loans/secure-electronic-delivery/\" class=\"dom-end\"><span class=\"menu-item\">Secure Electronic Delivery</span></a></li></ul></li></ul></li><li><a href=\"/library/renewals-and-fines/\" class=\"dom-end\"><span class=\"menu-item\">Renewals and Fines</span></a></li><li><a href=\"/library/plans-and-policies/\" class=\"dom-end\"><span class=\"menu-item\">Plans and Policies</span></a></li><li><a href=\"/library/writing-and-learning-centre/\" class=\"dom-end\"><span class=\"menu-item\">Writing and Learning Centre</span></a></li><li><a href=\"/library/access-and-services/\" class=\"dom-end\"><span class=\"menu-item\">Access and Services</span></a></li><li><a href=\"http://researchspace.bathspa.ac.uk/\" target=\"_blank\" class=\"dom-end\"><span class=\"menu-item\">ResearchSPAce</span></a></li></ul></li></ul>\n        <ul><li><a href=\"/alumni/\" class=\"has-subnav\"><span class=\"menu-item\">Alumni</span><em class=\"subnav-link\"></em></a><ul><li><a href=\"/alumni/beyond-bsu/\" class=\"dom-end\"><span class=\"menu-item\">Beyond Bath Spa</span></a></li><li><a href=\"/alumni/how-we-support-you/\" class=\"dom-end\"><span class=\"menu-item\">How We Support You</span></a></li><li><a href=\"/alumni/keeping-in-touch/\" class=\"dom-end\"><span class=\"menu-item\">Keeping in Touch</span></a></li><li><a href=\"/alumni/how-you-can-support-us/\" class=\"has-subnav\"><span class=\"menu-item\">How You Can Support Us</span><em class=\"subnav-link\"></em></a><ul><li><a href=\"/alumni/how-you-can-support-us/time-and-expertise/\" class=\"dom-end\"><span class=\"menu-item\">Time and Expertise</span></a></li><li><a href=\"/alumni/how-you-can-support-us/gifts-to-bath-spa/\" class=\"dom-end\"><span class=\"menu-item\">Gifts to Bath Spa</span></a></li><li><a href=\"/alumni/how-you-can-support-us/telethon/\" class=\"dom-end\"><span class=\"menu-item\">Telethon</span></a></li></ul></li><li><a href=\"/alumni/impact/\" class=\"has-subnav\"><span class=\"menu-item\">Impact</span><em class=\"subnav-link\"></em></a><ul><li><a href=\"/alumni/impact/crowdfunding/\" class=\"dom-end\"><span class=\"menu-item\">Crowdfunding</span></a></li><li><a href=\"/alumni/impact/impact-report/\" class=\"dom-end\"><span class=\"menu-item\">Impact Report</span></a></li><li><a href=\"/alumni/impact/donor-roll-of-honour/\" class=\"dom-end\"><span class=\"menu-item\">Donor Roll of Honour</span></a></li></ul></li></ul></li></ul>\n        <ul><li><a href=\"/applicants/\" class=\"has-subnav\"><span class=\"menu-item\">Applicants</span><em class=\"subnav-link\"></em></a><ul><li><a href=\"/applicants/how-to-apply/\" class=\"has-subnav\"><span class=\"menu-item\">How to apply</span><em class=\"subnav-link\"></em></a><ul><li><a href=\"/applicants/how-to-apply/undergraduate-and-foundation/\" class=\"has-subnav\"><span class=\"menu-item\">Undergraduate and foundation</span><em class=\"subnav-link\"></em></a><ul><li><a href=\"/applicants/how-to-apply/undergraduate-and-foundation/how-to-apply-through-ucas/\" class=\"dom-end\"><span class=\"menu-item\">How to apply through UCAS</span></a></li></ul></li><li><a href=\"/applicants/how-to-apply/postgraduate/\" class=\"dom-end\"><span class=\"menu-item\">Postgraduate</span></a></li><li><a href=\"/applicants/how-to-apply/teacher-training/\" class=\"dom-end\"><span class=\"menu-item\">Teacher training</span></a></li><li><a href=\"/applicants/how-to-apply/research-degrees/\" class=\"dom-end\"><span class=\"menu-item\">Research Degrees</span></a></li><li><a href=\"/applicants/how-to-apply/international/\" class=\"has-subnav\"><span class=\"menu-item\">International applications</span><em class=\"subnav-link\"></em></a><ul><li><a href=\"/applicants/how-to-apply/international/english-language-requirements/\" class=\"dom-end\"><span class=\"menu-item\">English language requirements</span></a></li></ul></li></ul></li><li><a href=\"/applicants/after-youve-applied/\" class=\"has-subnav\"><span class=\"menu-item\">After you've applied</span><em class=\"subnav-link\"></em></a><ul><li><a href=\"/applicants/after-youve-applied/undergraduate-applicants/\" class=\"dom-end\"><span class=\"menu-item\">Undergraduate applicants</span></a></li><li><a href=\"/applicants/after-youve-applied/teacher-training-applicants/\" class=\"dom-end\"><span class=\"menu-item\">Teacher training applicants</span></a></li><li><a href=\"/applicants/after-youve-applied/postgraduate-applicants/\" class=\"dom-end\"><span class=\"menu-item\">Postgraduate applicants</span></a></li></ul></li><li><a href=\"/applicants/our-selection-processes/\" class=\"dom-end\"><span class=\"menu-item\">Our selection processes</span></a></li><li><a href=\"/applicants/mature-students/\" class=\"dom-end\"><span class=\"menu-item\">Mature students</span></a></li><li><a href=\"/applicants/dbs-checks/\" class=\"dom-end\"><span class=\"menu-item\">DBS checks</span></a></li></ul></li></ul>\n        <ul><li><a href=\"/students/\" class=\"has-subnav\"><span class=\"menu-item\">Students</span><em class=\"subnav-link\"></em></a><ul><li><a href=\"/students/registration-and-enrolment/\" class=\"has-subnav\"><span class=\"menu-item\">Registration and Enrolment</span><em class=\"subnav-link\"></em></a><ul><li><a href=\"/students/registration-and-enrolment/register/\" class=\"has-subnav\"><span class=\"menu-item\">Register online</span><em class=\"subnav-link\"></em></a><ul><li><a href=\"/students/registration-and-enrolment/register/registration-dates/\" class=\"dom-end\"><span class=\"menu-item\">Registration dates</span></a></li></ul></li><li><a href=\"/students/registration-and-enrolment/pre-arrival-checklist/\" class=\"dom-end\"><span class=\"menu-item\">Pre-arrival checklist</span></a></li><li><a href=\"/students/registration-and-enrolment/arriving-at-bsu/\" class=\"has-subnav\"><span class=\"menu-item\">Arriving at Bath Spa University</span><em class=\"subnav-link\"></em></a><ul><li><a href=\"/students/registration-and-enrolment/arriving-at-bsu/international-arrivals/\" class=\"dom-end\"><span class=\"menu-item\">International arrivals</span></a></li></ul></li></ul></li><li><a href=\"/students/student-finance/\" class=\"has-subnav\"><span class=\"menu-item\">Student finance</span><em class=\"subnav-link\"></em></a><ul><li><a href=\"/students/student-finance/undergraduate-and-foundation-students/\" class=\"has-subnav\"><span class=\"menu-item\">Undergraduate and foundation students</span><em class=\"subnav-link\"></em></a><ul><li><a href=\"/students/student-finance/undergraduate-and-foundation-students/ukeu-fees/\" class=\"dom-end\"><span class=\"menu-item\">UK/EU Fees</span></a></li><li><a href=\"/students/student-finance/undergraduate-and-foundation-students/funding-for-ukeu-undergraduate-students/\" class=\"dom-end\"><span class=\"menu-item\">Funding for UK/EU Undergraduate Students</span></a></li><li><a href=\"/students/student-finance/undergraduate-and-foundation-students/international-fees/\" class=\"dom-end\"><span class=\"menu-item\">International Fees</span></a></li><li><a href=\"/students/student-finance/undergraduate-and-foundation-students/funding-for-international-undergraduate-students/\" class=\"dom-end\"><span class=\"menu-item\">Funding for International Undergraduate Students</span></a></li></ul></li><li><a href=\"/students/student-support/money-advice/\" class=\"dom-end\"><span class=\"menu-item\">Money advice</span></a></li><li><a href=\"/students/student-finance/postgraduate-students/\" class=\"has-subnav\"><span class=\"menu-item\">Postgraduate students</span><em class=\"subnav-link\"></em></a><ul><li><a href=\"/students/student-finance/postgraduate-students/funding-for-ukeu-postgraduate-students/\" class=\"dom-end\"><span class=\"menu-item\">Funding for UK/EU Postgraduate Students</span></a></li><li><a href=\"/students/student-finance/postgraduate-students/postgraduate-taught---ukeu-fees/\" class=\"dom-end\"><span class=\"menu-item\">Postgraduate Taught - UK/EU Fees</span></a></li><li><a href=\"/students/student-finance/postgraduate-students/postgraduate-taught---international-fees/\" class=\"dom-end\"><span class=\"menu-item\">Postgraduate Taught - International Fees</span></a></li><li><a href=\"/students/student-finance/postgraduate-students/funding-for-international-postgraduate-students/\" class=\"dom-end\"><span class=\"menu-item\">Funding for International Postgraduate Students</span></a></li><li><a href=\"/students/student-finance/postgraduate-students/postgraduate-certificates---ukeu-fees-/\" class=\"dom-end\"><span class=\"menu-item\">Postgraduate Certificates - UK/EU Fees </span></a></li><li><a href=\"/students/student-finance/postgraduate-students/postgraduate-diplomas---ukeu-fees/\" class=\"dom-end\"><span class=\"menu-item\">Postgraduate Diplomas - UK/EU Fees</span></a></li><li><a href=\"/students/student-finance/postgraduate-students/postgraduate-research---ukeu-fees-/\" class=\"dom-end\"><span class=\"menu-item\">Postgraduate Research - UK/EU Fees </span></a></li><li><a href=\"/students/student-finance/postgraduate-students/postgraduate-certificates---international-fees-/\" class=\"dom-end\"><span class=\"menu-item\">Postgraduate Certificates - International Fees </span></a></li><li><a href=\"/students/student-finance/postgraduate-students/postgraduate-diplomas---international-fees/\" class=\"dom-end\"><span class=\"menu-item\">Postgraduate Diplomas - International Fees</span></a></li><li><a href=\"/students/student-finance/postgraduate-students/postgraduate-research---international-fees/\" class=\"dom-end\"><span class=\"menu-item\">Postgraduate Research - International Fees</span></a></li></ul></li><li><a href=\"/students/student-finance/scholarships-and-funding/\" class=\"has-subnav\"><span class=\"menu-item\">Scholarships and funding</span><em class=\"subnav-link\"></em></a><ul><li><a href=\"/students/student-finance/scholarships-and-funding/student-funding/\" class=\"dom-end\"><span class=\"menu-item\">Student Funding</span></a></li></ul></li><li><a href=\"/students/student-finance/how-to-pay/\" class=\"dom-end\"><span class=\"menu-item\">How to pay</span></a></li></ul></li><li><a href=\"/students/graduation/\" class=\"has-subnav\"><span class=\"menu-item\">Graduation</span><em class=\"subnav-link\"></em></a><ul><li><a href=\"/students/graduation/ceremonies/\" class=\"dom-end\"><span class=\"menu-item\">Ceremonies</span></a></li><li><a href=\"/students/graduation/faqs/\" class=\"dom-end\"><span class=\"menu-item\">FAQs</span></a></li><li><a href=\"/students/graduation/contact/\" class=\"dom-end\"><span class=\"menu-item\">Contact</span></a></li></ul></li><li><a href=\"/students/student-support/\" class=\"has-subnav\"><span class=\"menu-item\">Student support </span><em class=\"subnav-link\"></em></a><ul><li><a href=\"/students/student-support/peer-mentors/\" class=\"dom-end\"><span class=\"menu-item\">Peer mentors</span></a></li><li><a href=\"/students/student-support/medical-service/\" class=\"dom-end\"><span class=\"menu-item\">Medical Service</span></a></li><li><a href=\"/students/student-support/family-friends-and-supporters/\" class=\"dom-end\"><span class=\"menu-item\">Family, Friends and Supporters</span></a></li><li><a href=\"/students/student-support/mental-and-emotional-support/\" class=\"dom-end\"><span class=\"menu-item\">Mental and emotional support</span></a></li><li><a href=\"/students/student-support/money-advice/\" class=\"has-subnav\"><span class=\"menu-item\">Money advice</span><em class=\"subnav-link\"></em></a><ul><li><a href=\"/students/student-support/money-advice/budgeting-in-bath/\" class=\"dom-end\"><span class=\"menu-item\">Budgeting in Bath</span></a></li></ul></li><li><a href=\"/students/student-support/disability-and-dyslexia/\" class=\"has-subnav\"><span class=\"menu-item\">Disability and dyslexia</span><em class=\"subnav-link\"></em></a><ul><li><a href=\"/students/student-support/disability-and-dyslexia/exam-arrangements/\" class=\"dom-end\"><span class=\"menu-item\">Special Exam Arrangements</span></a></li><li><a href=\"/students/student-support/disability-and-dyslexia/get-started/\" class=\"dom-end\"><span class=\"menu-item\">Get started</span></a></li></ul></li><li><a href=\"/students/student-support/care-leavers/\" class=\"dom-end\"><span class=\"menu-item\">Care leavers</span></a></li></ul></li><li><a href=\"/students/careers/\" class=\"has-subnav\"><span class=\"menu-item\">Careers</span><em class=\"subnav-link\"></em></a><ul><li><a href=\"/students/careers/graduate-careers/\" class=\"dom-end\"><span class=\"menu-item\">What do our graduates do?</span></a></li><li><a href=\"/students/careers/entrepreneurship/\" class=\"dom-end\"><span class=\"menu-item\">Thinking of starting a business?</span></a></li><li><a href=\"/students/careers/work-experience/\" class=\"dom-end\"><span class=\"menu-item\">Make yourself employable with work experience</span></a></li></ul></li></ul></li></ul>\n        <ul><li><a href=\"/business/\" class=\"has-subnav\"><span class=\"menu-item\">Business</span><em class=\"subnav-link\"></em></a><ul><li><a href=\"/business/job-shop/\" class=\"dom-end\"><span class=\"menu-item\">Job Shop</span></a></li><li><a href=\"/business/raise-your-profile-and-recruit/\" class=\"dom-end\"><span class=\"menu-item\">Raise your profile and recruit</span></a></li><li><a href=\"/business/placements-and-internships/\" class=\"dom-end\"><span class=\"menu-item\">Placements and internships</span></a></li><li><a href=\"/business/support-our-students/\" class=\"has-subnav\"><span class=\"menu-item\">Support our students</span><em class=\"subnav-link\"></em></a><ul><li><a href=\"/business/support-our-students/mentoring-programme/\" class=\"dom-end\"><span class=\"menu-item\">Mentoring Programme</span></a></li><li><a href=\"/business/support-our-students/live-briefs/\" class=\"dom-end\"><span class=\"menu-item\">Live briefs</span></a></li><li><a href=\"/business/support-our-students/bath-sparks/\" class=\"dom-end\"><span class=\"menu-item\">Bath Sparks</span></a></li></ul></li><li><a href=\"/business/degree-apprenticeships/\" class=\"dom-end\"><span class=\"menu-item\">Degree apprenticeships</span></a></li><li><a href=\"/research-and-enterprise/access-our-expertise/\" class=\"dom-end\"><span class=\"menu-item\">Access our expertise </span></a></li></ul></li></ul>\n        <ul><li><a href=\"/work-at-bath-spa/\" class=\"has-subnav\"><span class=\"menu-item\">Work here</span><em class=\"subnav-link\"></em></a><ul><li><a href=\"/work-at-bath-spa/rewards-and-benefits/\" class=\"dom-end\"><span class=\"menu-item\">Rewards and benefits</span></a></li><li><a href=\"/work-at-bath-spa/application-help/\" class=\"has-subnav\"><span class=\"menu-item\">Application help</span><em class=\"subnav-link\"></em></a><ul><li><a href=\"/work-at-bath-spa/application-help/applying-from-abroad/\" class=\"dom-end\"><span class=\"menu-item\">Applying from abroad</span></a></li><li><a href=\"/work-at-bath-spa/application-help/faqs/\" class=\"dom-end\"><span class=\"menu-item\">Frequently asked questions</span></a></li><li><a href=\"/work-at-bath-spa/application-help/interview-guidance/\" class=\"dom-end\"><span class=\"menu-item\">Interview guidance</span></a></li></ul></li><li><a href=\"/work-at-bath-spa/equality-and-diversity/\" class=\"dom-end\"><span class=\"menu-item\">Equality and diversity</span></a></li><li><a href=\"https://jobs.bathspa.ac.uk/wrl/\" class=\"dom-end\"><span class=\"menu-item\">Current Vacancies</span></a></li><li><a href=\"/work-at-bath-spa/executive-dean/\" class=\"dom-end\"><span class=\"menu-item\">Executive Dean</span></a></li></ul></li></ul>\n        \n<ul class=\"quicklinks\"><li><a href=\"https://thehub.bathspa.ac.uk/\" class=\"dom-end\"><span class=\"menu-item\">Intranet</span></a></li></ul>\n    </div>\n\n    <ul class=\"footerlinks\"><li><a href=\"/about-us/governance/policies/\">Anti-slavery, privacy and other policies</a></li><li><a href=\"/site-map/\">Site Information</a></li></ul>\n</nav>\n\n\n\n                    <a id=\"search-site-toggle\" href=\"#search-site\" title=\"Show search box\"><span>Search</span></a>\n                    <form id=\"search-site\" action=\"/search/\">\n                        <label for=\"global-search\" aria-hidden=\"true\">Search Bath Spa</label>\n                        <input type=\"search\" value=\"Search Bath Spa\" id=\"global-search\" name=\"query\">\n                        <input type=\"hidden\" name=\"collection\" value=\"bathspa-web\">\n                        <button type=\"submit\">Go</button>\n                    </form>\n                    <!-- END #search-site -->\n                </header>\n      \n       <!-- Google Tag Manager (noscript) -->\n  \n<noscript>&lt;iframe src=\"https://www.googletagmanager.com/ns.html?id=GTM-5GZ9\"\nheight=\"0\" width=\"0\" style=\"display:none;visibility:hidden\"&gt;&lt;/iframe&gt;</noscript>\n       <!-- End Google Tag Manager (noscript) -->\n      \n      \n<div class=\"content-wrapper\"><div class=\"home-masthead\">\n    <div class=\"masthead-duality masthead-wrapper\">\n        <!--Start Masthead-->\n        <div class=\"masthead masthead-left slick-initialized slick-slider\">\n            <div aria-live=\"polite\" class=\"slick-list draggable\"><div class=\"slick-track\" role=\"listbox\" style=\"opacity: 1; width: 2000px;\"><a href=\"/be-bath-spa/facilities/university-theatre/\" class=\"slick-slide slick-current slick-active\" data-slick-index=\"0\" aria-hidden=\"false\" tabindex=\"-1\" role=\"option\" style=\"width: 400px; position: relative; left: 0px; top: 0px; z-index: 999; opacity: 1;\">\n                <div class=\"masthead-inner\">\n                    <div style=\"background-image: url('/media/bathspaacuk/home-duality---left/leftside-homepage-images/tehatre2-leftside-homepage.jpg');\"></div>\n                </div>\n                <span><strong>University Theatre</strong></span>\n            </a><a href=\"/education/teacher-education/\" class=\"slick-slide\" data-slick-index=\"1\" aria-hidden=\"true\" tabindex=\"-1\" role=\"option\" style=\"width: 400px; position: relative; left: -400px; top: 0px; z-index: 998; opacity: 0;\">\n    <div class=\"masthead-inner\">\n        <div style=\"background-image: url('/media/bathspaacuk/home-duality---left/leftside-homepage-images/education-girl-left.jpg');\"></div>\n    </div>\n    <span>Teacher Education</span>\n</a><a href=\"/courses/?keyword=&amp;courseLevel=Undergraduate&amp;schoolOfStudy=Bath+School+of+Art+and+Design\" class=\"slick-slide\" data-slick-index=\"2\" aria-hidden=\"true\" tabindex=\"-1\" role=\"option\" style=\"width: 400px; position: relative; left: -800px; top: 0px; z-index: 998; opacity: 0;\">\n    <div class=\"masthead-inner\">\n        <div style=\"background-image: url('/media/bathspaacuk/home-duality---left/leftside-homepage-images/fashionhands-leftside-homepage.jpg');\"></div>\n    </div>\n    <span>Art and design: undergraduate courses</span>\n</a><a href=\"/be-bath-spa/facilities/music-technology-facilities/\" class=\"slick-slide\" data-slick-index=\"3\" aria-hidden=\"true\" tabindex=\"-1\" role=\"option\" style=\"width: 400px; position: relative; left: -1200px; top: 0px; z-index: 998; opacity: 0;\">\n    <div class=\"masthead-inner\">\n        <div style=\"background-image: url('/media/bathspaacuk/home-duality---left/leftside-homepage-images/musictech-leftside-homepage.jpg');\"></div>\n    </div>\n    <span>Music technology facilities</span>\n</a><a href=\"/education/\" class=\"slick-slide\" data-slick-index=\"4\" aria-hidden=\"true\" tabindex=\"-1\" role=\"option\" style=\"width: 400px; position: relative; left: -1600px; top: 0px; z-index: 998; opacity: 0;\">\n    <div class=\"masthead-inner\">\n        <div style=\"background-image: url('/media/bathspaacuk/home-duality---left/leftside-homepage-images/Left-hand-education.jpg');\"></div>\n    </div>\n    <span>Education</span>\n</a></div></div>\n\n          \n\n          \n\n          \n\n          \n\n          \n\n          \n\n          \n\n          \n\n\n\n        </div>\n        <!--End Masthead-->\n\n        <div class=\"masthead masthead-right slick-initialized slick-slider\">\n            <div aria-live=\"polite\" class=\"slick-list draggable\"><div class=\"slick-track\" role=\"listbox\" style=\"opacity: 1; width: 1600px;\"><a href=\"/art-and-design/\" class=\"slick-slide slick-current slick-active\" data-slick-index=\"0\" aria-hidden=\"false\" tabindex=\"-1\" role=\"option\" style=\"width: 400px; position: relative; left: 0px; top: 0px; z-index: 999; opacity: 1;\">\n                <div class=\"masthead-inner\">\n                    <div style=\"background-image: url('/media/bathspaacuk/home-duality---right/rightside-homepage-images/3d1-rightside-homepage.jpg');\"></div>\n                </div>\n                <span>Art and Design</span>\n            </a><a href=\"/courses/?keyword=&amp;courseLevel=Undergraduate&amp;schoolOfStudy=College+of+Liberal+Arts\" class=\"slick-slide\" data-slick-index=\"1\" aria-hidden=\"true\" tabindex=\"-1\" role=\"option\" style=\"width: 400px; position: relative; left: -400px; top: 0px; z-index: 998; opacity: 0;\">\n    <div class=\"masthead-inner\">\n        <div style=\"background-image: url('/media/Biology-virus-01-1000x1340-1.jpg');\"></div>\n    </div>\n    <span>Liberal arts: undergraduate courses</span>\n</a><a href=\"/education/\" class=\"slick-slide\" data-slick-index=\"2\" aria-hidden=\"true\" tabindex=\"-1\" role=\"option\" style=\"width: 400px; position: relative; left: -800px; top: 0px; z-index: 998; opacity: 0;\">\n    <div class=\"masthead-inner\">\n        <div style=\"background-image: url('/media/bathspaacuk/home-duality---right/rightside-homepage-images/Right-hand-education.jpg');\"></div>\n    </div>\n    <span>Education</span>\n</a><a href=\"/art-and-design/\" class=\"slick-slide\" data-slick-index=\"3\" aria-hidden=\"true\" tabindex=\"-1\" role=\"option\" style=\"width: 400px; position: relative; left: -1200px; top: 0px; z-index: 998; opacity: 0;\">\n    <div class=\"masthead-inner\">\n        <div style=\"background-image: url('/media/bathspaacuk/home-duality---right/rightside-homepage-images/drawing1-rightside-homepage.jpg');\"></div>\n    </div>\n    <span>Art and Design</span>\n</a></div></div>\n\n          \n\n          \n\n          \n\n          \n\n          \n\n          \n\n          \n\n          \n\n\n        </div>\n        <!--End Masthead-->\n        <div class=\"masthead-text\">\n            <strong>Be Bath Spa</strong>\n        </div>\n    </div>\n    <!--End Masthead Wrapper-->\n\n    <form id=\"search-courses\" action=\"/courses/\" method=\"get\">\n        <label for=\"course-search\" aria-hidden=\"true\">Find your course</label>\n        <input type=\"search\" placeholder=\"Find your course\" id=\"course-search\" name=\"keyword\">\n        <button type=\"submit\">Search</button>\n    </form>\n    <!-- END Search courses -->\n</div></div>\n\n                </div>\n            <!-- END inner -->\n        </main>\n        <!-- END main -->\n\n        <div id=\"nav-overlay\"></div>\n\n        <!--[if gte IE 9]><!-->\n            <script type=\"text/javascript\" src=\"//ajax.googleapis.com/ajax/libs/jquery/1.11.3/jquery.min.js\"></script>\n<script type=\"text/javascript\" id=\"\">!function(b,e,f,g,a,c,d){b.fbq||(a=b.fbq=function(){a.callMethod?a.callMethod.apply(a,arguments):a.queue.push(arguments)},b._fbq||(b._fbq=a),a.push=a,a.loaded=!0,a.version=\"2.0\",a.queue=[],c=e.createElement(f),c.async=!0,c.src=g,d=e.getElementsByTagName(f)[0],d.parentNode.insertBefore(c,d))}(window,document,\"script\",\"https://connect.facebook.net/en_US/fbevents.js\");fbq(\"init\",\"344068385977777\");fbq(\"track\",\"PageView\");</script>\n<noscript>&lt;img height=\"1\" width=\"1\" style=\"display:none\" src=\"https://www.facebook.com/tr?id=344068385977777&amp;amp;ev=PageView&amp;amp;noscript=1\"&gt;</noscript>\n\n\n\n            <script src=\"https://ajax.googleapis.com/ajax/libs/jqueryui/1.11.3/jquery-ui.min.js\"></script>\n        <!--<![endif]-->\n\n        <script type=\"text/javascript\" src=\"/media/bathspaacuk/sitewide/zlogos-and-site-images/theme/js/plugins.min.js\"></script>\n        <script type=\"text/javascript\" src=\"/media/bathspaacuk/sitewide/zlogos-and-site-images/theme/js/main.min.js\"></script>\n\n        <script>\n        \njQuery('.pub-type.book').html('Book');\njQuery('.pub-type.book_section').html('Book section');\njQuery('.pub-type.article').html('Article');\njQuery('.pub-type.conference_item').html('Conference or workshop item');\njQuery('.pub-type.exhibition').html('Exhibition');\njQuery('.pub-type.thesis').html('Thesis');\njQuery('.pub-type.commissioned_report').html('Commissioned report');\njQuery('.pub-type.other').html('Other');\nvar classArray = [];\njQuery('.citation-feed-type > div').each(function(){\n\tvar thisClass = jQuery(this).attr('class');\n\tclassArray.push(thisClass);\n});\njQuery.unique(classArray);\nfor (i = 0; i < classArray.length; i++) {\n\tvar firstUnique = jQuery('.citation-feed-type').find('div.' + classArray[i]).first();\n\tvar text = firstUnique.find('.pub-type').text();\n        if (text == 'Thesis') {\n          text = 'Theses';\n        }\n        else {\n          text = text + 's';\n        }\n\tfirstUnique.before('<h4>' + text + '</h4>');\n}\n\n        </script>\n\n<script>\n  (function(i,s,o,g,r,a,m){i['GoogleAnalyticsObject']=r;i[r]=i[r]||function(){\n  (i[r].q=i[r].q||[]).push(arguments)},i[r].l=1*new Date();a=s.createElement(o),\n  m=s.getElementsByTagName(o)[0];a.async=1;a.src=g;m.parentNode.insertBefore(a,m)\n  })(window,document,'script','https://www.google-analytics.com/analytics.js','ga');\n\n  ga('create', 'UA-440083-12', 'auto');\n  ga('send', 'pageview');\n\n</script>\n\n    \n\n    \n</body>"}
